authors,ORCID
Atsuhiko Banno,0000-0002-6394-5947
Annalaura Casanova Municchia,0000-0002-3459-8763
Alexandre Disser,0000-0003-0914-2606
Armida Sodo,0000-0001-7005-1610
APSARA,
Aarie Glas,0000-0002-7729-9755
Aaron Bufe,0000-0002-8551-7265
Akinori Mizoguchi,0000-0001-7049-2280
Alessandro Chechi,0000-0003-4007-0209
Alison Kyra Carter,0000-0001-6331-2149
Andrea E. Gaughan,0000-0002-4898-1587
Andreas Buss,0000-0003-1277-0945
Andreas Hoffmann,
Andreas Kulick,0000-0002-4524-0150
Anna Leask,0000-0003-3543-8064
Anne Yvonne Guillou,0009-0006-4670-8399
Anthony Milne,
Aoi Mizumori,
Ariel Zellman,0000-0003-1106-1282
Aroonrut Wichienkeeo,
Arun Babu,0000-0002-1398-928X
Asaad Y. Shamseldin,0000-0002-1701-7218
Asami Hada,
Ashleigh J. Rogers,0000-0003-0455-9381
Bertrand Porte,
Bo Zheng,
Bora Touch,
Brendan M. Buckley,0000-0003-1544-8003
Brian Zottoli,
Brigitta Hauser-Schäublin,
Bruno Phalip,
Chan Vitharong,
Chaoqun Deng,
Charles Goldblum,
Charles. F. W. Higham,0000-0002-1082-6215
Chhum Menghong,
Ching-Fu Chen,
Christian Fischer,
Christian J. Gross,
Christophe Pottier,0000-0001-8699-6280
Christopher Cromarty,
Chuch Phoeurn,
Clara Urzì,0000-0001-7952-9422
Colin Sterling,0000-0002-0423-6796
Cristina Cobo Castillo,0000-0001-6557-1881
Damian Evans,0000-0003-0320-4319
Dan Penny,0000-0002-7905-0339
Darith Ea,
David Chandler,
David Fink,0000-0001-7156-4602
David K. Wyatt,
David Sanderson,0000-0002-9615-4412
David Tang,
Davis Brown,0000-0002-6391-4833
Denis Mercier,0000-0003-2325-1390
Di Chen,0009-0007-1948-3865
Dipamjyoti Buragohain,0000-0001-8432-8780
Dipima Buragohain,0000-0001-8432-8780
Dominique Soutif,0000-0002-7422-1434
Dougald J.W. O’Reilly,0000-0001-9830-6945
Duncan Cook,0000-0001-5270-4569
Emmanuelle Delque-Kolic,0000-0001-9758-2964
Edward R. Cook,0000-0001-7478-4176
Edward Swenson,0000-0001-5108-4417
Eileen Lustig,0000-0003-3107-4347
Eleanor Bruce,0000-0002-7640-2335
Enrique Vega,0000-0002-6647-5258
Eric Bourdonneau,
Erwan Roussel,0000-0002-8735-5597
Esperanza Muñoz-Salinas,0000-0002-6214-5032
Esther Von Plehwe-Leisen,0000-0002-2096-0012
Etsuo Uchida,0000-0003-1104-6576
Fabian Dellefant,0000-0002-2612-6635
Fasi Wu,0000-0002-1175-8285
Federico Caro,0000-0003-2931-6685
Flavia Bartoli,0000-0002-5917-561X
Francesco Bianchini,0000-0002-3246-2774
Franck Vautier,0000-0002-4939-2477
Fulong Chen,0000-0003-1144-0004
Giancarlo Della Ventura,0000-0001-6277-961X
Giovanni Strona,0000-0003-2294-4013
Gary P. Marriner,0000-0001-7630-6768
Georges Coedes,
Gillian Green,0000-0003-1043-9968
Giulia Caneva,0000-0002-0551-7100
Glenn Boornazian,
Guang Huang,0000-0002-9171-3641
Hayden Cawte,
Hiroyuki Kashiwadani,0000-0002-2657-9730
Hallie R. Buckley,0000-0003-1047-4288
Hang Peou,0000-0001-7055-9895
Hang Xu,
Hans Leisen,
Hao Duy Phan,0000-0002-5617-6844
Hean Bun,
Heiner Siedel,0000-0002-7858-1437
Helaine Silverman,
Helena Grunfeld,0000-0003-0544-8077
Heng Than,
Henri Locard,
Hikaru Ikuta,0009-0001-6372-2444
Hiroki Agatsuma,
Hiroya Sato,0000-0002-5903-055X
Hiroyoshi Shiokawa,
Hui Li,0000-0001-9139-3855
Huw S. Groucutt,0000-0002-9111-1720
Ian Moffat,0000-0002-2171-7145
Ian Tapley,
Ichita Shimoda,0000-0002-7563-7394
Issaak Parcharidis,0000-0002-6642-3642
Iuliia V. Sleptsova,0009-0000-8004-7594
Jane Southworth,0000-0002-7246-7879
Janet G. Douglas,0000-0001-5042-6112
Jean-Baptiste Chevance,0000-0001-5489-4618
Jens Fohlmeister,0009-0002-1654-3715
Ji-Dong Gu,
Jiangbin You,0000-0002-6340-4542
Jiapeng Wu,0000-0003-4633-6530
Jing Li,0009-0007-7955-7889
John D. Ciorciari,0000-0001-8654-3038
John W. Monroe,
Jon Tunnicliffe,0000-0003-0377-7803
Jonathan Niles-Weed,0000-0002-4766-6526
Jonathan Wager,
Jose-Juan Zamorano,0000-0002-9575-5734
Josephine Gillespie,0000-0002-5103-3449
José Lobo,0000-0002-0814-7168
Jörg Kammerhofer,0000-0003-0991-9905
Keisuke Ito,0009-0007-3751-6309
Kwang Hee Moon,
Kate M. Domett,0000-0001-5091-3105
Kaito Kuriyama,
Kaoru Sezaki,0000-0003-1194-4632
Kaseka Phon,0000-0002-8896-3818
Kasper Hanus,0000-0003-1550-6939
Katrina Gaber,0009-0002-6157-4633
Katsura Sato,0000-0003-0949-2809
Katsuro Mogib,
Katsushi Ikeuchi,0000-0001-9758-9357
Keiko Miura,0000-0002-5627-0929
Keishiro Azami,0000-0003-2885-078X
Kelly Gerard,0000-0002-4725-6703
Kevin J. Anchukaitis,0000-0002-8509-8080
Khieu Chan,
Kimly Ngoun,
Koichi Nakagawa,0009-0000-3271-1147
Kojiro Tsuda,0000-0002-6037-4966
Kong Vireak,
Kosal Chim,0000-0002-4581-5436
Kousei Mikami,
Kyosuke Onishi,0000-0002-4679-3670
Larry W. Mays,0000-0002-4382-606X
Laure Dussubieux,0000-0002-9334-8131
Le Canh Nam,0000-0001-9200-4831
Leaksmy Kong,
Lin Gao,
Lisa Kealhofer,0000-0002-8308-462X
Louis Lebel,0000-0001-6187-6418
Luca Salvati,0000-0001-9322-9987
Lui Du,
Lynn Meskell,0000-0001-9087-3611
Maria Antonietta Ricci,0000-0002-6904-6686
Maocheng Deng,0000-0002-9571-9442
Marie-Françoise André,0000-0003-0367-5196
Martin Polkinghorne,0000-0002-6108-002X
Masaki Koiwa,
Masaki Sano,0000-0003-3391-9067
Masataka Kagesawa,0009-0003-4013-5583
Masato Araya,
Mathieu Guérin,0009-0006-2757-0865
Matti Kummu,0000-0001-5096-0163
Mawo Kamakura,
Melanie Kaliwoda,0000-0001-7767-3084
Michael Barbetti,
Michael F. Charlton,0000-0002-9526-5743
Michael Paul Leadbetter,0000-0003-1513-6958
Michael S. Falser,0000-0003-3930-6843
Michael Vickery,
Michael W. Binford,0000-0001-8914-1093
Mikael Baaz,0000-0003-2145-9016
Mike Barbetti,
Mireille Bénisti,
Miriam T. Stark,0000-0003-1700-4406
Mitch Hendrickson,0000-0002-7694-9648
Mitsuharu Fukuda,
Mohamed Metwaly,0000-0001-8770-0306
Mona Lilja,0000-0003-2773-8534
Monticha Pakdeekong,
Nobumasa Shimizu,0009-0000-4755-0489
Nancy Beavan,0000-0001-5649-0430
Naoko Nagumo,0000-0002-6032-1813
Naoyuki Yamada,
Nara Mao,
Nathan Wales,0000-0002-8288-4916
Ngaire Richards,
Nicola Masini,0000-0002-8804-5718
Nicolas Revire,0009-0000-7696-4920
Nina Hofer,
Noel Hidalgo Tan,0000-0001-8810-0898
Olivier Cunin,
Olivier Voldoire,0000-0003-1306-3054
Ornella Salvadori,0000-0002-5186-4891
Panpan Tang,0000-0001-7464-1968
Patcharaporn Ngernkerd,
Patrick Roberts,0000-0002-4403-7548
Paul Bishop,0000-0003-0895-9606
Pengfei Hu,0000-0002-4596-3041
Peter Cuasay,
Peter D. Sharrock,0009-0003-9543-6279
Peter Grave,0000-0001-5076-2386
Pheaktra Phal,0000-0002-6702-7959
Philippe Dillmann,0000-0003-3226-1611
Phon Kaseka,0000-0002-8896-3818
Pierre Baty,
Piphal Heng,0000-0001-5020-0092
Prabhakar Singh,0000-0002-0029-1384
Praveen K. Thakur,0000-0002-0508-8684
Qingya Ge,
Quan Hua,0000-0003-0179-8539
Rachanie Thosarat,
Rachna Chhay,0000-0002-5591-0736
Rainer Kleinschrodt,0000-0002-5901-6184
Ram C. Bastakoti,0000-0003-2456-5420
Rasmi Shoocongdej,0000-0002-6492-6633
Ratha Chhean,
Rebecca Hamilton,0000-0002-5443-8353
Richard J. Murphy,0000-0003-3201-4768
Robert French,
Robert Fuchs,0000-0001-8934-5635
Robert J. Koestler,0000-0001-5433-4899
Robert Kuszinger,0000-0001-8089-470X
Robin Reucher,
Roland J. Fletcher,0000-0001-8969-9759
Rosa Lasaponara,0000-0002-1287-646X
Ruth Hayhoe,0000-0003-2271-9721
Ryota Watanabe,
Sylvain Bauvais,0000-0002-3203-1069
Simone Bernardini,0000-0003-0958-4893
S. Kandasamy Vignesh,0000-0003-4285-8817
Sae Shimamoto,
Sakada Sakhoeun,
Sambath Phou,0009-0009-7183-5228
Sambath Sarun,
Samnang Kim,
Samuel Etienne,0000-0003-3998-0467
Sang Kook Lee,0000-0002-6353-3782
Saori Tachino,
Sarah Klassen,0000-0001-5110-713X
Saritpong Khunsong,
Scott G. Ortman,0000-0003-0709-5287
Scott Hensley,0000-0002-8846-2175
Sela Samath,
Serey Sok,0000-0002-3722-0125
Shanduo Chen,
Shane Strate,
Sharon Alvares,
Shashi Kumar,0000-0001-6215-8354
Shefali Agrawal,
Shi-Yu Simon Wang,
Shigeyoshi Sakurai,
Shunsuke Yamada,
Siegfried Siegesmund,0000-0002-5382-0622
Simon Chesterman,0000-0002-3599-4573
Simon Mackenzie,0000-0002-9294-4732
Simona Ceschin,0000-0001-5964-1855
Sokha Tep,
Sokkalyan Thau,
Sokrithy Im,
Sokuntheary So,
Solomon Buckman,0000-0001-5314-1331
Songqiang Bai,
Sovichetra Chan,
Stephan Pfefferkorn,
Stephen H. Whiteman,0000-0002-4451-4180
Stéphane De Greef,0000-0003-0370-5658
Stéphanie Leroy,0000-0002-1835-3563
Sufen Yen,0000-0002-8533-9657
Sumiko Kubo,
Susanne Runkel,
Sushank Chaudhary,0000-0002-1715-9689
Swati Chemburkar,
Thomas Blanchet,0000-0002-8155-339X
Tan Boun Suy,
Takatsugu Masuda,0000-0002-5168-1024
Takeshi Nakagawa,0000-0003-0831-6803
Takeshi Oishi,0000-0002-2010-2608
Tamaki Nakamura,0000-0001-8625-4092
Tan Boun Suy,
Taylor M. Easum,
Tegan Hall,0000-0002-2072-241X
Terry DeLacy,0000-0002-6535-6302
Terry Lustig,0000-0001-7959-7871
Tess Davis,0000-0001-7001-7439
Tetsuya Waragai,0000-0001-9946-8225
Thanachate Wisaijorn,0009-0002-1779-2094
Thitinan Pongsudhirak,
Thomas Oliver Pryce,0000-0002-7290-141X
Thomas Warscheid,0000-0002-6040-8054
Thoriq Tri Prabowo,0000-0001-8196-7958
Tiago Attorre,0000-0003-4076-389X
Till Frieder Sonnemann,0000-0003-2632-7282
Tim Winter,0000-0002-5825-6012
Tina Tin,
Tomochika Tokunaga,0000-0002-8867-0468
Tomonari Hirai,
Ton That Minh,0009-0000-5296-757X
Toshihiko Sugai,0000-0002-5779-5612
Toshiro Maeda,0000-0002-1837-9704
Truong Mai Hong,
Valentina Savo,0000-0002-4415-2685
Veasna Var,
Vibol Peuo,
Victor Gouloubew,
Victor Kattan,0000-0001-5109-5933
Victor Lieberman,
Vitharong Chan,
W. Christopher Carleton,0000-0001-7463-8638
Wanja Wedekind,0009-0007-7582-146X
Wayan Jarrah Sastrawan,0000-0002-9541-1907
Wei Zhou,0000-0003-0947-3843
Wei-Dong Wang,
Wensheng Lan,0000-0002-0462-6276
Wenwu Zheng,0009-0009-7586-9820
Xiaobo Liu,0000-0003-2318-1505
Xinghua Ding,0000-0003-1249-3212
Xuan W. Tay,0000-0002-6813-9821
Yukinori Takubo,0000-0002-4344-9153
Yoko Futagami,0000-0002-2998-0538
Yahui Meng,0000-0002-8291-8944
Yasuhiro Kato,0000-0002-5711-8304
Yasushi Akazawa,0000-0002-9863-1315
Yiguo Hong,0000-0002-6255-4100
Yijie Zhuang,0000-0001-5546-0870
Yiliang Li,
Yoko Katayama,0000-0002-4365-6320
Yoko Kojima,0000-0001-9137-9711
Yoshifumi Tanaka,0000-0002-0063-9424
Yoshihiro Sato,0000-0003-4797-1253
Yoshihiro Sugimoto,
Yoshikazu Sugiura,
Yoshimitsu Kobayashi,
Yoshinori Iwasaki,0000-0002-5693-430X
Youfen Qian,0000-0002-0763-6816
Yunyuan Deng,0000-0003-1062-9470
Yusu Lu,0000-0002-5870-7282
Yutaka Shigeeda,
