Affiliation,Provenance,Authors
ORG_00001,Cambodia,AUTH_APSARA
ORG_00001,Cambodia,AUTH_DAEA
ORG_00001,Cambodia,AUTH_RACHHAY
ORG_00001,Cambodia,AUTH_TABSUY
ORG_00001,Cambodia,AUTH_HAPEOU
ORG_00001,Cambodia,AUTH_RACHHEAN
ORG_00001,Cambodia,AUTH_SOIM
ORG_00001,Cambodia,AUTH_HETHAN
ORG_00001,Cambodia,AUTH_KHCHAN
ORG_00001,Cambodia,AUTH_TITIN
ORG_00001,Cambodia,AUTH_SAKIM
ORG_00001,Cambodia,AUTH_ICSHIMODA
ORG_00002,Finland,AUTH_MAKUMMU
ORG_00003,France,AUTH_ERBOURDONNEAU
ORG_00004,Poland,AUTH_KAHANUS
ORG_00005,Japan,AUTH_KYONISHI
ORG_00006,United Kingdom,AUTH_JECHEVANCE
ORG_00006,United Kingdom,AUTH_STDGREEF
ORG_00006,United Kingdom,AUTH_SASAKHOEUN
ORG_00007,United States of America,AUTH_JOLOBO
ORG_00007,United States of America,AUTH_LAWMAYS
ORG_00007,United States of America,AUTH_SAKLASSEN
ORG_00008,Thailand,AUTH_SOTHAU
ORG_00008,Thailand,AUTH_SESAMATH
ORG_00009,Thailand,AUTH_RACBASTAKOTI
ORG_00010,Australia,AUTH_DUCOOK
ORG_00011,Australia,AUTH_VEVAR
ORG_00012,Australia,AUTH_DOJOREILLY
ORG_00012,Australia,AUTH_KINGOUN
ORG_00012,Australia,AUTH_NOHTAN
ORG_00012,Australia,AUTH_REHAMILTON
ORG_00013,Australia,AUTH_DAFINK
ORG_00013,Australia,AUTH_QUHUA
ORG_00014,India,AUTH_SWCHEMBURKAR
ORG_00015,Vietnam,AUTH_LECNAM
ORG_00015,Vietnam,AUTH_TOTMINH
ORG_000151,Israel,AUTH_ARZELLMAN
ORG_000152,Israel,AUTH_DABROWN
ORG_00016,France,AUTH_MAANDRE
ORG_00016,France,AUTH_OLVOLDOIRE
ORG_00016,France,AUTH_ERROUSSEL
ORG_00016,France,AUTH_FRVAUTIER
ORG_00016,France,AUTH_BRPHALIP
ORG_00016,France,AUTH_SAETIENNE
ORG_00017,Cambodia,AUTH_CHMENGHONG
ORG_00018,France,AUTH_ANYGUILLOU
ORG_00018,France,AUTH_CHGOLDBLUM
ORG_00018,France,AUTH_MIBENISTI
ORG_00018,France,AUTH_THOPRYCE
ORG_00018,France,AUTH_SOCHAN
ORG_00018,France,AUTH_STLEROY
ORG_00019,Thailand,AUTH_ARWICHIENKEEO
ORG_00019,Thailand,AUTH_LOLEBEL
ORG_00020,Japan,AUTH_KEAZAMI
ORG_00020,Japan,AUTH_YAKATO
ORG_00021,China,AUTH_FUCHEN
ORG_00021,China,AUTH_JIYOU
ORG_00021,China,AUTH_PATANG
ORG_00021,China,AUTH_WEZHOU
ORG_00022,Thailand,AUTH_THPONGSUDHIRAK
ORG_00023,China,AUTH_GUHUANG
ORG_00024,United States of America,AUTH_JOWMONROE
ORG_00025,United States of America,AUTH_BRMBUCKLEY
ORG_00025,United States of America,AUTH_KEJANCHUKAITIS
ORG_00025,United States of America,AUTH_EDRCOOK
ORG_00026,Italy,AUTH_NIMASINI
ORG_00026,Italy,AUTH_ROLASAPONARA
ORG_00027,Italy,AUTH_LUSALVATI
ORG_00028,United States of America,AUTH_DAKWYATT
ORG_00029,Japan,AUTH_YOIWASAKI
ORG_00030,Germany,AUTH_ANKULICK
ORG_00031,France,AUTH_BEPORTE
ORG_00031,France,AUTH_BRZOTTOLI
ORG_00031,France,AUTH_CHPOTTIER
ORG_00031,France,AUTH_DOSOUTIF
ORG_00031,France,AUTH_DAEVANS
ORG_00031,France,AUTH_LEKONG
ORG_00031,France,AUTH_NIHOFER
ORG_00031,France,AUTH_GECOEDES
ORG_00031,France,AUTH_SHALVARES
ORG_00031,France,AUTH_VIGOULOUBEW
ORG_00031,France,AUTH_WAJSASTRAWAN
ORG_00032,France,AUTH_MAGUERIN
ORG_00033,United Kingdom,AUTH_ANLEASK
ORG_00034,Japan,AUTH_MASANO
ORG_00035,Italy,AUTH_GISTRONA
ORG_00036,United States of America,AUTH_LADUSSUBIEUX
ORG_00037,Australia,AUTH_IAMOFFAT
ORG_00037,Australia,AUTH_TIATTORRE
ORG_00037,Australia,AUTH_MAPOLKINGHORNE
ORG_00038,China,AUTH_LIGAO
ORG_00039,China,AUTH_JIGU
ORG_00039,China,AUTH_SHCHEN
ORG_00039,China,AUTH_YOQIAN
ORG_00039,China,AUTH_FAWU
ORG_00040,China,AUTH_DIBURAGOHAIN
ORG_00040,China,AUTH_YAMENG
ORG_00040,China,AUTH_CHDENG
ORG_00040,China,AUTH_SUCHAUDHARY
ORG_00041,China,AUTH_JIWU
ORG_00041,China,AUTH_YIHONG
ORG_00042,Greece,AUTH_ISPARCHARIDIS
ORG_00043,China,AUTH_WEWANG
ORG_00044,China,AUTH_FUCHEN
ORG_00044,China,AUTH_HAXU
ORG_00044,China,AUTH_WEZHOU
ORG_00044,China,AUTH_WEZHENG
ORG_00044,China,AUTH_YUDENG
ORG_00045,China,AUTH_DICHEN
ORG_00045,China,AUTH_SOBAI
ORG_00046,Hungary,AUTH_ROKUSZINGER
ORG_00047,Australia,AUTH_EILUSTIG
ORG_00047,,AUTH_EILUSTIG
ORG_00047,,AUTH_ROFRENCH
ORG_00047,,AUTH_TELUSTIG
ORG_00048,India,AUTH_SHKUMAR
ORG_00048,India,AUTH_SKVIGNESH
ORG_00048,India,AUTH_ARBABU
ORG_00048,India,AUTH_PRKTHAKUR
ORG_00048,India,AUTH_SHAGRAWAL
ORG_00049,France,AUTH_PIBATY
ORG_00050,Australia,AUTH_NABEAVAN
ORG_00051,Poland,AUTH_KAHANUS
ORG_00052,Australia,AUTH_KAMDOMETT
ORG_00054,Sweden,AUTH_MOLILJA
ORG_00055,Saudi Arabia,AUTH_MOMETWALY
ORG_00056,Netherlands,AUTH_SAKLASSEN
ORG_00056,Netherlands,AUTH_TIFSONNEMANN
ORG_00057,Thailand,AUTH_FRBIANCHINI
ORG_00058,Germany,AUTH_WCCARLETON
ORG_00058,Germany,AUTH_PAROBERTS
ORG_00058,Germany,AUTH_HUSGROUCUTT
ORG_00059,Indonesia,AUTH_CHCROMARTY
ORG_00060,Japan,AUTH_AKMIZOGUCHI
ORG_00061,United States of America,AUTH_FECARO
ORG_00062,Cambodia,AUTH_CHPHOEURN
ORG_00063,Cambodia,AUTH_HEBUN
ORG_00063,Cambodia,AUTH_SASARUN
ORG_00064,Australia,AUTH_ASJROGERS
ORG_00065,France,AUTH_THOPRYCE
ORG_00066,France,AUTH_DEMERCIER
ORG_00067,United States of America,AUTH_SCHENSLEY
ORG_00068,Cambodia,AUTH_CHVITHARONG
ORG_00068,Cambodia,AUTH_VICHAN
ORG_00069,Taiwan,AUTH_CHCHEN
ORG_00070,South Korea,AUTH_KWHMOON
ORG_00071,Japan,AUTH_HIKASHIWADANI
ORG_00072,Taiwan,AUTH_SUYEN
ORG_00073,Japan,AUTH_YOFUTAGAMI
ORG_00073,Japan,AUTH_YOKATAYAMA
ORG_00074,Cambodia,AUTH_VIPEUO
ORG_00075,United States of America,AUTH_JONILESWEED
ORG_00075,United States of America,AUTH_XUWTAY
ORG_00076,Japan,AUTH_ASHADA
ORG_00076,Japan,AUTH_TEWARAGAI
ORG_00076,Japan,AUTH_YOKOJIMA
ORG_00076,Japan,AUTH_KOMIKAMI
ORG_00076,Japan,AUTH_HISHIOKAWA
ORG_00076,Japan,AUTH_YUSHIGEEDA
ORG_00076,Japan,AUTH_HIAGATSUMA
ORG_00077,China,AUTH_PEHU
ORG_00078,Vietnam,AUTH_TRMHONG
ORG_00079,Cambodia,AUTH_SOSO
ORG_00080,India,AUTH_PRSINGH
ORG_00081,France,AUTH_PHDILLMANN
ORG_00081,France,AUTH_STLEROY
ORG_00081,France,AUTH_EMDELQUEKOLIC
ORG_00081,France,AUTH_ENVEGA
ORG_00081,France,AUTH_SYBAUVAIS
ORG_00081,France,AUTH_THBLANCHET
ORG_00081,France,AUTH_ALDISSER
ORG_00082,Poland,AUTH_KAHANUS
ORG_00083,Thailand,AUTH_MOPAKDEEKONG
ORG_00084,Italy,AUTH_ANCMUNICCHIA
ORG_00084,Italy,AUTH_FLBARTOLI
ORG_00084,Italy,AUTH_SIBERNARDINI
ORG_00084,Italy,AUTH_GICANEVA
ORG_00084,Italy,AUTH_GIDVENTURA
ORG_00084,Italy,AUTH_MAARICCI
ORG_00084,Italy,AUTH_ARSODO
ORG_00084,Italy,AUTH_SICESCHIN
ORG_00084,Italy,AUTH_VASAVO
ORG_00085,Cambodia,AUTH_KAPHON
ORG_00085,Cambodia,AUTH_PHKASEKA
ORG_00086,Cambodia,AUTH_NIREVIRE
ORG_00086,Cambodia,AUTH_SOTEP
ORG_00087,Cambodia,AUTH_HELOCARD
ORG_00087,Cambodia,AUTH_KAPHON
ORG_00087,Cambodia,AUTH_KINGOUN
ORG_00087,Cambodia,AUTH_SAPHOU
ORG_00087,Cambodia,AUTH_SESOK
ORG_00088,Germany,AUTH_MISFALSER
ORG_00089,United States of America,AUTH_LIKEALHOFER
ORG_00090,United Kingdom,AUTH_DASANDERSON
ORG_00091,China,AUTH_WELAN
ORG_00092,Thailand,AUTH_PANGERNKERD
ORG_00092,Thailand,AUTH_RASHOOCONGDEJ
ORG_00092,Thailand,AUTH_SAKHUNSONG
ORG_00093,United States of America,AUTH_JAGDOUGLAS
ORG_00093,United States of America,AUTH_ROJKOESTLER
ORG_00094,Italy,AUTH_ORSALVADORI
ORG_00095,United States of America,AUTH_LYMESKELL
ORG_00096,Australia,AUTH_BOTOUCH
ORG_00097,United States of America,AUTH_TEDAVIS
ORG_00098,Japan,AUTH_YOKATAYAMA
ORG_00099,China,AUTH_PHPHAL
ORG_00100,United Kingdom,AUTH_JOWAGER
ORG_00100,Cambodia,AUTH_KOVIREAK
ORG_00101,Thailand,AUTH_THWISAIJORN
ORG_00102,Mexico,AUTH_JOZAMORANO
ORG_00103,Indonesia,AUTH_THTPRABOWO
ORG_00104,Malaysia,AUTH_MIVICKERY
ORG_00105,United Kingdom,AUTH_COSTERLING
ORG_00105,United Kingdom,AUTH_CRCCASTILLO
ORG_00105,United Kingdom,AUTH_YIZHUANG
ORG_00105,United Kingdom,AUTH_MIFCHARLTON
ORG_00106,Australia,AUTH_KOCHIM
ORG_00106,Australia,AUTH_JOTUNNICLIFFE
ORG_00106,Australia,AUTH_ASYSHAMSELDIN
ORG_00106,New Zealand,AUTH_KOCHIM
ORG_00106,New Zealand,AUTH_JOTUNNICLIFFE
ORG_00106,New Zealand,AUTH_ASYSHAMSELDIN
ORG_00107,Canada,AUTH_SAKLASSEN
ORG_00108,United States of America,AUTH_CHFISCHER
ORG_00108,United States of America,AUTH_FECARO
ORG_00108,United States of America,AUTH_MAPOLKINGHORNE
ORG_00108,United States of America,AUTH_PIHENG
ORG_00109,Germany,AUTH_ROREUCHER
ORG_00109,Germany,AUTH_HALEISEN
ORG_00109,Germany,AUTH_ESVPLEHWELEISEN
ORG_00109,Germany,AUTH_RAKLEINSCHRODT
ORG_00109,Germany,AUTH_SURUNKEL
ORG_00109,Germany,AUTH_ROFUCHS
ORG_00110,United States of America,AUTH_SCGORTMAN
ORG_00111,Denmark,AUTH_YOTANAKA
ORG_00112,Germany,AUTH_HESIEDEL
ORG_00112,Germany,AUTH_STPFEFFERKORN
ORG_00112,Germany,AUTH_ESVPLEHWELEISEN
ORG_00112,Germany,AUTH_HALEISEN
ORG_00113,United States of America,AUTH_ANEGAUGHAN
ORG_00113,United States of America,AUTH_MIWBINFORD
ORG_00113,United States of America,AUTH_JASOUTHWORTH
ORG_00114,Germany,AUTH_JOKAMMERHOFER
ORG_00115,Switzerland,AUTH_ALCHECHI
ORG_00116,United Kingdom,AUTH_ESMUNOZSALINAS
ORG_00116,United Kingdom,AUTH_PABISHOP
ORG_00116,United Kingdom,AUTH_SIMACKENZIE
ORG_00116,United Kingdom,AUTH_TEDAVIS
ORG_00117,Sweden,AUTH_KAGABER
ORG_00117,Sweden,AUTH_MIBAAZ
ORG_00117,Sweden,AUTH_MOLILJA
ORG_00118,Germany,AUTH_BRHAUSERSCHAUBLIN
ORG_00118,Sweden,AUTH_WAWEDEKIND
ORG_00118,Sweden,AUTH_CHJGROSS
ORG_00118,Sweden,AUTH_ANHOFFMANN
ORG_00118,Sweden,AUTH_SISIEGESMUND
ORG_00119,United States of America,AUTH_MITSTARK
ORG_00119,United States of America,AUTH_PIHENG
ORG_00120,Germany,AUTH_MISFALSER
ORG_00121,China,AUTH_JILI
ORG_00121,China,AUTH_MADENG
ORG_00121,China,AUTH_JIGU
ORG_00121,China,AUTH_WELAN
ORG_00121,China,AUTH_HULI
ORG_00121,China,AUTH_XIDING
ORG_00121,China,AUTH_YILI
ORG_00121,China,AUTH_QIGE
ORG_00121,China,AUTH_XILIU
ORG_00121,China,AUTH_THWARSCHEID
ORG_00122,United States of America,AUTH_HESILVERMAN
ORG_00122,United States of America,AUTH_MIHENDRICKSON
ORG_00123,United Kingdom,AUTH_PEDSHARROCK
ORG_00123,United Kingdom,AUTH_STHWHITEMAN
ORG_00124,Italy,AUTH_CLURZI
ORG_00125,United States of America,AUTH_JODCIORCIARI
ORG_00125,United States of America,AUTH_VILIEBERMAN
ORG_00126,Germany,AUTH_FADELLEFANT
ORG_00126,Germany,AUTH_IUVSLEPTSOVA
ORG_00126,Germany,AUTH_AABUFE
ORG_00126,Germany,AUTH_MEKALIWODA
ORG_00127,Australia,AUTH_GAPMARRINER
ORG_00127,Australia,AUTH_PEGRAVE
ORG_00127,United States of America,AUTH_PEGRAVE
ORG_00128,Australia,AUTH_IATAPLEY
ORG_00128,Australia,AUTH_ANMILNE
ORG_00129,United States of America,AUTH_ALCARTER
ORG_00129,United States of America,AUTH_ALKCARTER
ORG_00129,Cambodia,AUTH_ALKCARTER
ORG_00130,New Zealand,AUTH_CHFWHIGHAM
ORG_00130,New Zealand,AUTH_HACAWTE
ORG_00130,New Zealand,AUTH_RATHOSARAT
ORG_00130,New Zealand,AUTH_HARBUCKLEY
ORG_00131,Canada,AUTH_ANBUSS
ORG_00132,United States of America,AUTH_MIPLEADBETTER
ORG_00133,Germany,AUTH_JEFOHLMEISTER
ORG_00134,Australia,AUTH_MIBARBETTI
ORG_00135,Singapore,AUTH_HADPHAN
ORG_00135,Singapore,AUTH_SICHESTERMAN
ORG_00135,Singapore,AUTH_VIKATTAN
ORG_00136,Australia,AUTH_DAEVANS
ORG_00136,Australia,AUTH_ROJFLETCHER
ORG_00136,Australia,AUTH_DAPENNY
ORG_00136,Australia,AUTH_DATANG
ORG_00136,Australia,AUTH_MIBARBETTI
ORG_00136,Australia,AUTH_DOJOREILLY
ORG_00136,Australia,AUTH_EILUSTIG
ORG_00136,Australia,AUTH_NGRICHARDS
ORG_00136,Australia,AUTH_GIGREEN
ORG_00136,Australia,AUTH_JOGILLESPIE
ORG_00136,Australia,AUTH_MAPOLKINGHORNE
ORG_00136,Australia,AUTH_MIHENDRICKSON
ORG_00136,Australia,AUTH_NAAWALES
ORG_00136,Australia,AUTH_RIJMURPHY
ORG_00136,Australia,AUTH_ELBRUCE
ORG_00136,Australia,AUTH_CHPOTTIER
ORG_00136,Australia,AUTH_TELUSTIG
ORG_00136,Australia,AUTH_TEHALL
ORG_00136,Australia,AUTH_TIWINTER
ORG_00137,Japan,AUTH_ATBANNO
ORG_00137,Japan,AUTH_TAMASUDA
ORG_00137,Japan,AUTH_TAOISHI
ORG_00137,Japan,AUTH_KAIKEUCHI
ORG_00137,Japan,AUTH_MAKAMAKURA
ORG_00137,Japan,AUTH_HIIKUTA
ORG_00137,Japan,AUTH_BOZHENG
ORG_00137,Japan,AUTH_YOSATO
ORG_00137,Japan,AUTH_MAKAGESAWA
ORG_00137,Japan,AUTH_KASEZAKI
ORG_00137,Japan,AUTH_NANAGUMO
ORG_00137,Japan,AUTH_TOSUGAI
ORG_00137,Japan,AUTH_TOTOKUNAGA
ORG_00137,Japan,AUTH_YOSUGIMOTO
ORG_00137,Japan,AUTH_NAYAMADA
ORG_00137,Japan,AUTH_KAMOGIB
ORG_00137,Japan,AUTH_YOIWASAKI
ORG_00137,Japan,AUTH_MIFUKUDA
ORG_00137,Japan,AUTH_KONAKAGAWA
ORG_00137,Japan,AUTH_YAAKAZAWA
ORG_00137,Japan,AUTH_ICSHIMODA
ORG_00137,Japan,AUTH_TANAKAGAWA
ORG_00137,Japan,AUTH_YOKATAYAMA
ORG_00138,Canada,AUTH_AAGLAS
ORG_00138,Canada,AUTH_EDSWENSON
ORG_00138,Canada,AUTH_RUHAYHOE
ORG_00138,Canada,AUTH_SAKLASSEN
ORG_00139,Japan,AUTH_ICSHIMODA
ORG_00140,United States of America,AUTH_PECUASAY
ORG_00141,Australia,AUTH_KEGERARD
ORG_00142,United States of America,AUTH_TAMEASUM
ORG_00143,Australian Catholic University,AUTH_SOBUCKMAN
ORG_00144,Fiji,AUTH_NAAWALES
ORG_00145,United States of America,AUTH_SHSWANG
ORG_00146,Australia,AUTH_NAMAO
ORG_00146,Australia,AUTH_HEGRUNFELD
ORG_00146,Australia,AUTH_TEDELACY
ORG_00146,Australia,AUTH_DACHANDLER
ORG_00146,New Zeeland,AUTH_SIMACKENZIE
ORG_00147,Japan,AUTH_ETUCHIDA
ORG_00147,Japan,AUTH_AOMIZUMORI
ORG_00147,Japan,AUTH_KAKURIYAMA
ORG_00147,Japan,AUTH_YOKOBAYASHI
ORG_00147,Japan,AUTH_TANAKAMURA
ORG_00147,Japan,AUTH_HISATO
ORG_00147,Japan,AUTH_RYWATANABE
ORG_00147,Japan,AUTH_KEITO
ORG_00147,Japan,AUTH_NOSHIMIZU
ORG_00147,Japan,AUTH_KOTSUDA
ORG_00147,Japan,AUTH_OLCUNIN
ORG_00147,Japan,AUTH_ICSHIMODA
ORG_00147,Japan,AUTH_YUTAKUBO
ORG_00147,Japan,AUTH_TANAKAGAWA
ORG_00147,Japan,AUTH_YULU
ORG_00147,Japan,AUTH_LUDU
ORG_00147,Japan,AUTH_KASATO
ORG_00147,Japan,AUTH_AKMIZOGUCHI
ORG_00147,Japan,AUTH_MAKOIWA
ORG_00147,Japan,AUTH_YOIWASAKI
ORG_00147,Japan,AUTH_KEMIURA
ORG_00147,Japan,AUTH_NANAGUMO
ORG_00147,Japan,AUTH_TOSUGAI
ORG_00147,Japan,AUTH_SASHIMAMOTO
ORG_00147,Japan,AUTH_SATACHINO
ORG_00147,Japan,AUTH_SHYAMADA
ORG_00147,Japan,AUTH_SHSAKURAI
ORG_00147,Japan,AUTH_MAARAYA
ORG_00147,Japan,AUTH_MIFUKUDA
ORG_00147,Japan,AUTH_SUKUBO
ORG_00147,Japan,AUTH_TOMAEDA
ORG_00147,Japan,AUTH_YOSUGIURA
ORG_00147,Japan,AUTH_TOHIRAI
ORG_00147,Japan,AUTH_YAAKAZAWA
ORG_00148,United States of America,AUTH_SHSTRATE
ORG_00149,United States of America,AUTH_GLBOORNAZIAN
ORG_00150,South Korea,AUTH_SAKLEE
