Place name,Native name,Alternative names,Typology,Condition,Religion,Contextual Place,Geometry,Comune,District,Province,Country,Temporal Range,Builder,Latitude,Longitude,Material
Toe Toek Thnal Baray,ថ្នល់បារាយ៍ទទឹក,"East Baray W Outlet, East Baray West outlet, East Baray Exetoire, Yasodharatataka",Water canal,Dried,Hinduism,Angkor,,Nokor Thom,Krong Siem Reap,Siem Reap,Cambodia,10th Century,Yasovarman I,13.44188,103.88728,"Laterite, Sandstone"
Prasat Banteay Srei,ប្រាសាទបន្ទាយស្រី,ត្រីភួនមហេស្វរ,Temple,Intact,Hinduism,Angkor,,Khnar Sanday,Banteay Srei,Siem Reap,Cambodia,10th Century,"Rajendravarman II, Yajnavaraha, Jayavarman V, Suryavarman I",13.59893,103.96304,Sandstone
Prasat Banteay Kdei,ប្រាសាទបន្ទាយក្តី,,Temple,Intact,Buddhism,Angkor,,Nokor Thom,Krong Siem Reap,Siem Reap,Cambodia,"10th Century, Late 12th Century","Rajendravarman II, Jayavarman VII",13.43,103.8987,"Laterite, Sandstone"
Prasat Phimeanakas,ប្រាសាទភិមានអាកាស,Prasat Himasangkakiri,Temple,Intact,Hinduism,Angkor,,Kok Chak,Krong Siem Reap,Siem Reap,Cambodia,10th-11th Century,"Harshavarman II, Jayavarman V, Suryavarman I",13.44562,103.85616,"Laterite, Sandstone"
Prasat Mebon Khang Lech,ប្រាសាទមេបុណ្យខាងលិច,"Prasat West Mebon, Prasat Mebon, Prasat Baray, Kuk Mebon",Temple,Intact,Hinduism,Angkor,,Toek Vil,Krong Siem Reap,Siem Reap,Cambodia,11th Century,"Suryavarman I, Udayadityavarman II",13.4342,103.80015,"Sandstone, Laterite"
Prasat Suor Prat,ប្រាសាទសួព្រ័ត,"Prasat Suor Proat, Prasat Neang Dop Pi, Prasat Neang 12, Prasat Suor Prot",Temple,Intact,Hinduism,Angkor,,Nokor Thom,Krong Siem Reap,Siem Reap,Cambodia,11th-13th Century,"Suryavarman I (?), Jayabarman VII (?), Indravarman II (?)",13.44591,103.86072,"Laterite, Sandstone"
Preah Lien Chol Damrei,ព្រះលានជល់ដំរី,"Elephant Terrace, Terrace of the Elephants, Terrace of Honor",Terrace,Intact,Buddhism,Angkor,,Kok Chak,Krong Siem Reap,Siem Reap,Cambodia,12th Century,Jayavarman VII,13.44592,103.85887,Sandstone
Prasat Kraol Ko,ប្រាសាទក្រោលគោ,Prasat Krol Ko,Temple,Intact,Buddhism,Angkor,,Nokor Thom,Krong Siem Reap,Siem Reap,Cambodia,12th Century,Jayavarman VII,13.46829,103.89548,"Laterite, Sandstone"
Prasat Kor Sok,ប្រាសាទកោរសក់,"Prasat Preah Pithu T, Temple T",Temple,Intact,Hinduism,Angkor,,Nokor Thom,Krong Siem Reap,Siem Reap,Cambodia,12th Century (?),Suryavarman II (?),13.44834,103.86064,Sandstone
Preah Pithu Group,ក្រុមព្រះពិធូរ,,Temple Complex,Intact,"Hinduism, Buddhism",Angkor,,Nokor Thom,Krong Siem Reap,Siem Reap,Cambodia,12th-13th Century,"Suryavarman II, Jayavarman IX (?)",13.44874,103.86057,Sandstone
Prasat Ta Va,ប្រាសាទតាវ៉ា,,Temple,Intact,Hinduism,Angkor,,Preah Dak,Banteay Srei,Siem Reap,Cambodia,12th–13th Century,Jayavarman VII,13.47743,103.91937,"Laterite, Sandstone"
Prasat Preah Palilay,ប្រាសាទព្រះបាលិលេយ្យ,Prasat Palilay,Temple,Intact,Buddhism,Angkor,,Kok Chak,Krong Siem Reap,Siem Reap,Cambodia,12th-14th Century,"Suryavarman II, Jayavarman VII, Indravarman II (?)",13.44897,103.85525,Sandstone
Prasat Ta Tuot,ប្រាសាទតាទួត,"Preah Pithu X, Prasat Preah Pithu X, Temple X",Temple,Intact,Buddhism,Angkor,,Nokor Thom,Krong Siem Reap,Siem Reap,Cambodia,13-14th Century (?),Jayavarman IX (?),13.44873,103.86198,Sandstone
Prasat Bayon,ប្រាសាទបាយ័ន,Jayagiri,Temple,Intact,Buddhism,Angkor,,Nokor Thom,Krong Siem Reap,Siem Reap,Cambodia,13th Century,"Jayavarman VII, Indravarman II, Jayavarman VIII",13.44133,103.85892,Sandstone
Wat Preah Ngok,វត្តព្រះងោក,"Preah Ngok, Angkor Thom Terrace 1","Terrace, Temple",Intact,Buddhism,Angkor,,Kok Chak,Krong Siem Reap,Siem Reap,Cambodia,13th Century (?),Jayavarman VII (?),13.44252,103.85837,Laterite
Prasat Prei Khmeng (Boeng Khnar),ប្រាសាទព្រៃក្មេង,Prasat Prei Khmeng,Temple,Ruin,Hinduism,Angkor,,Khnat,Puok,Siem Reap,Cambodia,7th Century,Jayavarman I,13.42827,103.75727,"Brick, Laterite, Sandstone"
Prasat Ak Yum,ប្រាសាទអកយំ,Prasat Ak Yom,Temple,Ruin,Hinduism,Angkor,,Khnat,Puok,Siem Reap,Cambodia,7th-8th Century,"Jayavarman I, Jayavarman II",13.42438,103.77667,"Brick, Sandstone"
Prasat Kok Po,ប្រាសាទគោកពោធិ៍,Svet Tvip,Temple,Ruin,Hinduism,Angkor,,Daun Kaev,Puok,Siem Reap,Cambodia,8th-9th Century,"Jayavarman II, Jayavarman III, Rajendravarman II",13.46583,103.7756,Brick
Prasat Preah Ko,ប្រាសាទព្រះគោ,បរមេស្វរ,Temple,Intact,Hinduism,Angkor,,Bakong,Prasat Bakong,Siem Reap,Cambodia,9th Century,Indravarman I,13.34385,103.97282,Brick
Prasat Trapeang Srangae,ប្រាសាទត្រពាំងស្រងែ,"Dei Dom, Prasat Srangae, Prasat Srah Kandal, Prasat Sra Ngae",Temple,Ruin,Hinduism,Angkor,,Bakong,Prasat Bakong,Siem Reap,Cambodia,9th Century,Indravarman I,13.342,103.9793,Brick
Prasat O Ka-aek,ប្រាសាទអូរក្អែក,"Prasat O Kaek, Prasat Trapeang Kaek, Prasat Pha-aek Neang",Temple,Intact,Hinduism,Angkor,,Kandaek,Prasat Bakong,Siem Reap,Cambodia,9th Century,Indravarman I,13.33652,103.95657,Brick
Prasat Bakong,ប្រាសាទបាគង,Indrasor - ឥន្រ្ទសូរ,Temple,Intact,Hinduism,Angkor,,Bakong,Prasat Bakong,Siem Reap,Cambodia,"9th, 12th Century","Jayavarman III, Indravarman I, Suryavarman II",13.33589,103.97416,"Laterite, Brick, Sandstone"
Prasat Kravan,ប្រាសាទក្រវ៉ាន់,"Prasat Kravanh, Prasat Trai Lok Trat",Temple,Intact,Hinduism,Angkor,,Nokor Tom,Krong Siem Reap,Siem Reap,Cambodia,Early 10th Century,Harshavarman I,13.41976,103.89982,"Laterite, Brick, Sandstone"
Kampong Phae Thnal Baray,កំពង់ផែថ្នល់បារាយណ៍,East Baray Pier Terrace,Terrace,Ruin,Hinduism,Angkor,,Nokor Thom,Krong Siem Reap,Siem Reap,Cambodia,Early 10th Century,Yasovarman I (?),13.44641,103.88766,"Laterite, Sandstone"
Prasat Rong Lmong,ប្រាសាទរោងល្មុង,,Temple,Intact,Hinduism,Angkor,,Kok Chak,Krong Siem Reap,Siem Reap,Cambodia,Early 10th Century,Yasovarman I,13.42206,103.85981,Brick
Prasat Baksei Chamkong,ប្រាសាទបក្សីចាំក្រុង,,Temple,Intact,Hinduism,Angkor,,Kok Chan,Krong Siem Reap,Siem Reap,Cambodia,Early 10th Century,Harshavarman I,13.42536,103.85838,"Laterite, Brick"
Prasat Bei (Siem Reap),ប្រាសាទបី,,Temple,Intact,Hinduism,Angkor,,Kok Chan,Krong Siem Reap,Siem Reap,Cambodia,Early 10th Century,Yasovarman I,13.42625,103.8566,"Laterite, Brick"
Prasat Thommanon,ប្រាសាទធម្មនន្ទ,,Temple,Intact,Hinduism,Angkor,,Nokor Thom,Krong Siem Reap,Siem Reap,Cambodia,Early 12th Century,"Dharanindravarman I (?), Suryavarman II",13.44721,103.87755,Sandstone
Prasat Prei Ae Tbong,ប្រាសាទព្រៃឯត្បូង,"Prasat Prei, Prasat Prey, Prasat Prey E Thong, Prasat Prei 525",Temple,Intact,Buddhism,Angkor,,Nokor Thom,Krong Siem Reap,Siem Reap,Cambodia,Early 12th Century,Jayavarman VII,13.46793,103.87714,"Laterite, Sandstone"
Prasat Angkor Wat,ប្រាសាទអង្គរវត្ត,"Nokor Wat, Angkor Wat, Vrah Vishnuloka, Brah Bishnulok, Preah Pishnulok, Prasat Nakhon Wat, Prasat Angkor Vat",Temple Complex,Intact,Hinduism,Angkor,,Nokor Thom,Krong Siem Reap,Siem Reap,Cambodia,First half of 12th Century,Suryavarman II,13.41238,103.86685,"Sandstone, Laterite"
Prasat Angkor Wat Bannalai Khang Cheung,ប្រាសាទអង្គរវត្ត បណ្ណាល័យខាងជើង,"Angkor Wat Northern Library, Angkor Wat North Library",Temple,Intact,Hinduism,Angkor,,Nokor Thom,Krong Siem Reap,Siem Reap,Cambodia,First half of 12th Century,Suryavarman II,13.41276,103.86352,"Sandstone, Laterite"
Prasat Angkor Wat Bannalai Khang Tboung,ប្រាសាទអង្គរវត្ត បណ្ណាល័យខាងជើង,"Angkor Wat Southern Library, Angkor Wat South Library",Temple,Intact,Hinduism,Angkor,,Nokor Thom,Krong Siem Reap,Siem Reap,Cambodia,First half of 12th Century,Suryavarman II,13.41219,103.8635,"Sandstone, Laterite"
Prasat Angkor Wat Spean Khang Kaeut,ប្រាសាទអង្គរវត្ត ស្ពានហាល,"Prasat Angkor Wat East Bridge, Prasat Angkor Wat East Entrance Causeway",Ancient Bridge,Ruin,Hinduism,Angkor,,Nokor Thom,Krong Siem Reap,Siem Reap,Cambodia,First half of 12th Century,Suryavarman II,13.41241,103.87265,"Sandstone, Laterite"
Prasat Angkor Wat Spean Harl,ប្រាសាទអង្គរវត្ត ស្ពានហាល,"Prasat Angkor Wat Rainbow Bridge, Spean Entanou, Spean Intanou, Prasat Angkor Wat West Entrance Causeway",Ancient Bridge,Intact,Hinduism,Angkor,,Nokor Thom,Krong Siem Reap,Siem Reap,Cambodia,First half of 12th Century,Suryavarman II,13.41254,103.86053,"Sandstone, Laterite"
Prasat Ta Mau,ប្រាសាទតាម៉ៅ,"Monument 384, Prasat Chol Moan, West Prasat Top, Prasat Top Khang Lech, Prasat Ta Mao",Temple,Intact,Hinduism,Angkor,,Nokor Thom,Krong Siem Reap,Siem Reap,Cambodia,Late 10th Century,Jayavarman V,13.44295,103.88632,"Sandstone, Laterite"
Prasat Khleang Khang Cheung Toch,ប្រាសាទឃ្លាំងខាងជើងតូច,"Small Temple East of the North Khleang, Prasat East of the North Khleang",Temple,Intact,Hinduism,Angkor,,Nokor Thom,Krong Siem Reap,Siem Reap,Cambodia,Late 10th Century,Jayavarman V,13.44713,103.86127,Sandstone
Prasat Ta Keo,ប្រាសាទតាកែវ,"Prasat Kev, Hemasringagiri, Hemagiri, Prasat Preah Keo, Prasat Keo, Prasat Ta Keo",Temple,Intact,Hinduism,Angkor,,Nokor Thom,Krong Siem Reap,Siem Reap,Cambodia,Late 10th–Early 11th Century,"Jayavarman V, Suryavarman I",13.44479,103.88249,Sandstone
Prasat Ta Prohm,ប្រាសាទតាព្រហ្ម,"Rajavihara, Prasat Preah Reach Vihear",Temple,Intact,Buddhism,Angkor,,Nokor Thom,Krong Siem Reap,Siem Reap,Cambodia,Late 12th Century,Jayavarman VII,13.43493,103.88948,"Sandstone, Laterite"
Prasat Tor,ប្រាសាទទ,Prasat Tom Ro,Temple,Intact,Buddhism,Angkor,,Preah Dak,Banteay Srei,Siem Reap,Cambodia,Late 12th Century,Jayavarman VII,13.45621,103.95548,Laterite
Prasat Ta Prohm Khloung Thvear Khang Lech,ប្រាសាទតាព្រហ្មក្លោងទ្វារខាងលិច,"Prasat Ta Prohm West Entrance, Prasat Ta Prohm West Gate",Gate,Intact,Buddhism,Angkor,,Nokor Thom,Krong Siem Reap,Siem Reap,Cambodia,Late 12th Century,Jayavarman VII,13.43492,103.88533,"Laterite, Sandstone"
Prasat Ta Prohm Khloung Thvear Khang Tboung,ប្រាសាទតាព្រហ្មក្លោងទ្វារខាងត្បូង,"Prasat Ta Prohm South Entrance, Prasat Ta Prohm South Gate",Gate,Ruin,Buddhism,Angkor,,Nokor Thom,Krong Siem Reap,Siem Reap,Cambodia,Late 12th Century,Jayavarman VII,13.43166,103.88944,"Laterite, Sandstone"
Prasat Ta Prohm Khloung Thvear Khang Kaeut,ប្រាសាទតាព្រហ្មក្លោងទ្វារខាងកើត,"Prasat Ta Prohm East Entrance, Prasat Ta Prohm East Gate",Gate,Intact,Buddhism,Angkor,,Nokor Thom,Krong Siem Reap,Siem Reap,Cambodia,Late 12th Century,Jayavarman VII,13.43507,103.89485,"Laterite, Sandstone"
Prasat Ta Prohm Khloung Thvear Khang Cheung,ប្រាសាទតាព្រហ្មក្លោងទ្វារខាងជើង,"Prasat Ta Prohm North Entrance, Prasat Ta Prohm North Gate",Gate,Intact,Buddhism,Angkor,,Nokor Thom,Krong Siem Reap,Siem Reap,Cambodia,Late 12th Century,Jayavarman VII,13.43784,103.88933,"Laterite, Sandstone"
Prasat Leak Neang,ប្រាសាទលាក់នាង,"Chapel of the Hospital, Hospital Chapel, Angkor Hospital Chapel, Prasat Chau",Arogyasala,Intact,Buddhism,Angkor,,Nokor Thom,Krong Siem Reap,Siem Reap,Cambodia,Late 12th Century,Jayavarman VII,13.4453,103.88058,Sandstone
Prasat Ta Nei,ប្រាសាទតានៃ,,Temple,Intact,Buddhism,Angkor,,Nokor Thom,Krong Siem Reap,Siem Reap,Cambodia,Late 12th Century,"Jayavarman VII, Indravarman II",13.45247,103.88543,"Sandstone, Laterite"
Prasat Ta Prohm Kel,ប្រាសាទតាព្រហ្មកិល,Prasat Prohm Kel,Arogyasala,Intact,Buddhism,Angkor,,Kok Chak,Krong Siem Reap,Siem Reap,Cambodia,Late 12th Century,Jayavarman VII,13.41576,103.8586,"Sandstone, Laterite"
Prasat Chrung Piek Niradei,ប្រាសាទជ្រុងភាគនិរតី,"Southwest Chrung, Prasat Chrung SW, Prasat Chrung Southwest",Temple,Intact,Buddhism,Angkor,,Nokor Thom,Krong Siem Reap,Siem Reap,Cambodia,Late 12th Century,Jayavarman VII,13.42737,103.84529,Sandstone
Prasat Chrung Piek Ah Kne,ប្រាសាទជ្រុងភាគអាគ្នេយ៍,"Southeast Chrung, Prasat Chrung SE, Prasat Chrung Southeast",Temple,Intact,Buddhism,Angkor,,Nokor Thom,Krong Siem Reap,Siem Reap,Cambodia,Late 12th Century,Jayavarman VII,13.42789,103.87324,Sandstone
Prasat Chrung Piek Aisan,ប្រាសាទជ្រុងភាគឥសាន្ត,"Prasat Chrung Piek Isan, Northeast Chrung, Prasat Chrung NE, Prasat Chrung Northeast",Temple,Intact,Buddhism,Angkor,,Nokor Thom,Krong Siem Reap,Siem Reap,Cambodia,Late 12th Century,Jayavarman VII,13.45516,103.87283,Sandstone
Prasat Chrung Piek Peayop,ប្រាសាទជ្រុងភាគពាយព្យ,"Northwest Chrung, Prasat Chrung NW, Prasat Chrung Northwest",Temple,Intact,Buddhism,Angkor,,Kok Chak,Krong Siem Reap,Siem Reap,Cambodia,Late 12th Century,Jayavarman VII,13.4547,103.84441,Sandstone
Angkor Thom Khloung Thvear Ta Nok,អង្គរធំខ្លោងទ្វារតានុក,"Angkor Thom North Gate, Khloung Thvear Khang Cheung, Angkor Thom Khloung Thvear Dei Chhnang, Angkor Thom Dei Chhnang Gate",Gate,Intact,Buddhism,Angkor,,Nokor Thom,Krong Siem Reap,Siem Reap,Cambodia,Late 12th Century,Jayavarman VII,13.45526,103.8591,Sandstone
Angkor Thom Kloung Thvear Khmaoch,អង្គរធំខ្លោងទ្វារខ្មោច,"Angkor Thom Kloung Thvear Khmoch, Angkor Thom East Gate, Gate of the Dead, Gate of Death, Khloung Thvear Khang Kaeut",Gate,Intact,Buddhism,Angkor,,Nokor Thom,Krong Siem Reap,Siem Reap,Cambodia,Late 12th Century,Jayavarman VII,13.44142,103.87322,Sandstone
Angkor Thom Kloung Thvear Tonle Om,អង្គរធំខ្លោងទ្វារទន្លេអុំ,"Angkor Thom South Gate, Kloung Thvear Khang Tbong",Gate,Intact,Buddhism,Angkor,,Nokor Thom,Krong Siem Reap,Siem Reap,Cambodia,Late 12th Century,Jayavarman VII,13.42758,103.85951,Sandstone
Angkor Thom Khloung Thvear Ta Keo,អង្គរធំខ្លោងទ្វារតាកាវ,"Angkor Thom West Gate, Khloung Thvear Khang Lech, Khloung Thvear Ta Kav, Khloung Thvear Ta Kauv",Gate,Intact,Buddhism,Angkor,,Nokor Thom,Krong Siem Reap,Siem Reap,Cambodia,Late 12th Century,Jayavarman VII,13.44107,103.84474,Sandstone
Prasat Preah Khan,ប្រាសាទព្រះខ័ន,"Nagarashrijaya, Nagara Jayasri, Prasat Chei Srei",Temple,Intact,Buddhism,Angkor,,Nokor Thom,Krong Siem Reap,Siem Reap,Cambodia,Late 12th Century,Jayavarman VII,13.4619,103.87158,"Sandstone, Laterite"
Prasat Preah Khan Khloung Thvear Khang Lech,ប្រាសាទព្រះខ័នក្លោងទ្វារខាងលិច,"Prasat Preah Khan West Gate, Prasat Preah Khan West Entrance",Gate,Intact,Buddhism,Angkor,,Nokor Thom,Krong Siem Reap,Siem Reap,Cambodia,Late 12th Century,Jayavarman VII,13.46174,103.86854,"Laterite, Sandstone"
Prasat Preah Khan Khloung Thvear Khang Kauet,ប្រាសាទព្រះខ័នក្លោងទ្វារខាងកើត,"Prasat Preah Khan East Gate, Prasat Preah Khan East Entrance",Gate,Intact,Buddhism,Angkor,,Nokor Thom,Krong Siem Reap,Siem Reap,Cambodia,Late 12th Century,Jayavarman VII,13.46197,103.87626,"Laterite, Sandstone"
Prasat Preah Khan Khloung Thvear Khang Tboung,ប្រាសាទព្រះខ័នក្លោងទ្វារខាងត្បូង,"Prasat Preah Khan South Gate, Prasat Preah Khan South Entrance",Gate,Intact,Buddhism,Angkor,,Nokor Thom,Krong Siem Reap,Siem Reap,Cambodia,Late 12th Century,Jayavarman VII,13.45884,103.87164,"Laterite, Sandstone"
Prasat Preah Khan Khloung Thvear Khang Cheung,ប្រាសាទព្រះខ័នក្លោងទ្វារខាងជើង,"Prasat Preah Khan North Gate, Prasat Preah Khan North Entrance",Gate,Intact,Buddhism,Angkor,,Nokor Thom,Krong Siem Reap,Siem Reap,Cambodia,Late 12th Century,Jayavarman VII,13.46479,103.87151,"Laterite, Sandstone"
Prasat Preah Khan Dharmasala,ប្រាសាទព្រះខ័នធម្មសាលា,,Dharmasala,Intact,Buddhism,Angkor,,Nokor Thom,Krong Siem Reap,Siem Reap,Cambodia,Late 12th Century,Jayavarman VII,13.46189,103.87383,Sanstone
Prasat Banteay Prei,ប្រាសាទបន្ទាយប្រី,"Banteay Prei, Prasat Banteay Prey, Prasat Banteay Srei",Temple,Intact,Buddhism,Angkor,,Leang Dai,Angkor Thom,Siem Reap,Cambodia,Late 12th Century,Jayavarman VII,13.46939,103.87669,"Laterite, Sandstone"
Prasat Neak Poan,ប្រាសាទនាគព័ន្ធ,"Prasat Neak Poun, Prasat Neak Poin, Neak Pean, Prasat Neak Pean",Temple,Intact,Buddhism,Angkor,,Nokor Thom,Krong Siem Reap,Siem Reap,Cambodia,Late 12th Century,Jayavarman VII,13.46331,103.89493,Sandstone
Prasat Tonle Snguot,បា្រសាទទន្លេស្ងួត,"Chapel of the Hospital North, Prasat Top",Arogyasala,Intact,Buddhism,Angkor,,Kok Chak,Krong Siem Reap,Siem Reap,Cambodia,Late 12th-Early 13th Century,Jayavarman VII,13.45963,103.8584,Sandstone
Prasat Ta Som,ប្រាសាទតាសោម,"Gaurashrigajaratna, Banteay Ta Som, Banteay Prasat Ta Som, Prasat Ta Saom, Prasat Banteay Ta Saom, Banteay Ta Saom",Temple,Intact,Buddhism,Angkor,,Leang Dai,Angkor Thom,Siem Reap,Cambodia,Late 12th-Early 13th Century,Jayavarman VII,13.46459,103.91297,"Laterite, Sandstone"
Prasat Ta Prohm Dharmasala,ប្រាសាទតាព្រហ្មធម្មសាលា,,Dharmasala,Intact,Buddhism,Angkor,,Nokor Thom,Krong Siem Reap,Siem Reap,Cambodia,Late 12th–Early 13th Century,Jayavarman VII,13.43515,103.89175,Sandstone
Prasat Top Khang Lech,ប្រាសាទតុបខាងលិច,"Prasat Top, Prasat Top West, West Prasat Top, Western Prasat Top, Monument 486",Temple,Intact,Buddhism,Angkor,,Kok Chak,Krong Siem Reap,Siem Reap,Cambodia,Late 13th Century,"Jayavarman VIII, Shrindravarman (?)",13.43922,103.85183,Sandstone
Prasat Ov Laok,ប្រាសាទឪឡោក,Prasat O Lok,Temple,Ruin,Hinduism,Angkor,,Kandaek,Prasat Bakong,Siem Reap,Cambodia,Late 8th–Early 9th Century (?),Jayavarman II,13.33802,103.96532,Brick
Prasat Phnom Bakheng,ប្រាសាទភ្នំបាខែង,"Prasat Bakheng, Yasodharagiri, Indradri, Madhyadri, Phnom Kandal",Temple,Intact,Hinduism,Angkor,,Kok Chan,Krong Siem Reap,Siem Reap,Cambodia,Late 9th - early 10th Century,Yasovarman I,13.42381,103.85608,"Laterite, Brick, Sandstone, Rock"
Prasat Lolei,ប្រាសាទលលៃ,Lolei,Temple,Intact,Hinduism,Angkor,,Bakong,Prasat Bakong,Siem Reap,Cambodia,Late 9th Century,"Indravarman I, Yasovarman I",13.3527,103.97382,Brick
Prasat Prei Prasat,ប្រាសាទព្រៃប្រាសាទ,Kuk Prasat,Temple,Ruin,Hinduism,Angkor,,Bakong,Prasat Bakong,Siem Reap,Cambodia,Late 9th Century,Indravarman I (?),13.34577,103.98524,"Brick, Laterite"
Prasat Ong Mong,ប្រាសាទអុងម៉ុង,"Prasat Top 2, Prasat Top Pi, Peng Ong Mong",Temple,Intact,Hinduism,Angkor,,Nokor Thom,Krong Siem Reap,Siem Reap,Cambodia,Late 9th or Late 10th Century,"Yasovarman I, Rajendravarman II",13.43459,103.90988,Laterite
Prasat Baphuon,ប្រាសាទបាពួន,,Temple,Intact,Hinduism,Angkor,,Kok Chak,Krong Siem Reap,Siem Reap,Cambodia,Mid 11th Century,Udayadityavarman II,13.44389,103.85634,Sandstone
Prasat Bat Chum,ប្រាសាទបាទជុំ,Prasat Sau Ko Ta Kream,Temple,Intact,Buddhism,Angkor,,Nokor Thom,Krong Siem Reap,Siem Reap,Cambodia,Mid-10th Century,"Kavindarim Thorn, Rajendravarman II",13.42489,103.90773,"Laterite, Brick"
Prasat Kandal Srah Srang,ប្រាសាទកណ្តាលស្រះស្រង់,Prasat Nimit,Temple,Intact,"Hinduism, Buddhism",Angkor,,Nokor Thom,Krong Siem Reap,Siem Reap,Cambodia,Mid-10th Century,"Rajendravarman II, Jayavarman VII",13.43082,103.90694,"Laterite, Sandstone"
Prasat Pre Rup,ប្រាសាទប្រែរូប,Prasat Prerup,Temple,Intact,Hinduism,Angkor,,Nokor Thom,Krong Siem Reap,Siem Reap,Cambodia,Mid-10th Century,Rajendravarman II,13.43495,103.92056,"Laterite, Brick, Sandstone"
Prasat Leak Neang,ប្រាសាទលាក់នាង,"Homsring, Hemkiri",Temple,Intact,Hinduism,Angkor,,Preah Dak,Banteay Srei,Siem Reap,Cambodia,Mid-10th Century,Rajendravarman II,13.43604,103.92226,Brick
Prasat Kutisvara,ប្រាសាទគូទិស្វរៈ,"Prasat Kdei So, Prasat Kok Khmoch, Prasat Kok Kmaoch, Prasat Kok Khmaoch",Temple,Ruin,Hinduism,Angkor,,Nokor Thom,Krong Siem Reap,Siem Reap,Cambodia,Mid-10th Century,Rajendravarman II,13.43411,103.89978,"Laterite, Brick"
Prasat Mebon Khang Kaeut,ប្រាសាទមេបុណ្យខាងកើត,"Prasat East Mebon, Prasat Eastern Mebon, Prasat Mebon",Temple,Intact,Hinduism,Angkor,,Nokor Thom,Krong Siem Reap,Siem Reap,Cambodia,Mid-10th Century,Rajendravarman II,13.44658,103.9201,"Laterite, Brick, Sandstone"
Prasat Banteay Samre,ប្រាសាទបន្ទាយសំរ៉ែ,Prasat Banteay Samrae,Temple,Intact,"Hinduism, Buddhism",Angkor,,Preah Dak,Banteay Srei,Siem Reap,Cambodia,Mid-12th Century,"Suryavarman II, Dharanindravarman II",13.44211,103.95914,"Laterite, Brick"
Prasat Chau Say Tevoda,ប្រាសាទចៅសាយទេវតា,,Temple,Intact,Hinduism,Angkor,,Nokor Thom,Krong Siem Reap,Siem Reap,Cambodia,Mid-12th Century,"Dharanindravarman I (?), Suryavarman II",13.44547,103.87748,Sandstone
Prasat Thom Prang,ប្រាសាទធំប្រាំង,"Prasat Kraham, Prasat Kampeng, Monument A, Prasat Koh Ker, Prasat Muk O Hal",Temple Complex,Intact,Hinduism,Koh Ker,"""POLYGON((104.541389 13.793333, 104.550000 13.793889, 104.564722 13.773056, 104.564167 13.760000, 104.560833 13.755833, 104.548611 13.750556, 104.535278 13.749167, 104.540000 13.770556, 104.542500 13.769167, 104.526667 13.791667, 104.533056 13.793056, 104.535278 13.785833, 104.541389 13.787222, 104.541389 13.793333))""^^<http://www.opengis.net/def/crs/OGC/1.3/CRS84>",Srayang,Kulen,Preah Vihear,Cambodia,Mid-10th Century,Jayavarman IV,13.78299,104.53727,Sandstone
Rahal,រហាល,Trapeang Rohal,Ancient Reservoir,Intact,Hinduism,Koh Ker,"""POLYGON((104.541389 13.793333, 104.550000 13.793889, 104.564722 13.773056, 104.564167 13.760000, 104.560833 13.755833, 104.548611 13.750556, 104.535278 13.749167, 104.540000 13.770556, 104.542500 13.769167, 104.526667 13.791667, 104.533056 13.793056, 104.535278 13.785833, 104.541389 13.787222, 104.541389 13.793333))""^^<http://www.opengis.net/def/crs/OGC/1.3/CRS84>",Srayang,Kulen,Preah Vihear,Cambodia,Mid-10th Century,Jayavarman IV,13.77738,104.54477,"Earth, Rock"
Prasat Srot,ប្រាសាទស្រុត,"Prasat Thom Palace, Preah Ponlea, Palais",Temple,Ruin,Hinduism,Koh Ker,"""POLYGON((104.541389 13.793333, 104.550000 13.793889, 104.564722 13.773056, 104.564167 13.760000, 104.560833 13.755833, 104.548611 13.750556, 104.535278 13.749167, 104.540000 13.770556, 104.542500 13.769167, 104.526667 13.791667, 104.533056 13.793056, 104.535278 13.785833, 104.541389 13.787222, 104.541389 13.793333))""^^<http://www.opengis.net/def/crs/OGC/1.3/CRS84>",Srayang,Kulen,Preah Vihear,Cambodia,Mid-10th Century,Jayavarman IV,13.78423,104.54199,"Sandstone, Laterite"
Prasat Balang,ប្រាសាទបល្ល័ង្គ,"Prasat Thnoeng, Prasat Balang 2",Temple,Good,Hinduism,Koh Ker,"""POLYGON((104.541389 13.793333, 104.550000 13.793889, 104.564722 13.773056, 104.564167 13.760000, 104.560833 13.755833, 104.548611 13.750556, 104.535278 13.749167, 104.540000 13.770556, 104.542500 13.769167, 104.526667 13.791667, 104.533056 13.793056, 104.535278 13.785833, 104.541389 13.787222, 104.541389 13.793333))""^^<http://www.opengis.net/def/crs/OGC/1.3/CRS84>",Srayang,Kulen,Preah Vihear,Cambodia,Mid-10th Century,Jayavarman IV,13.78613,104.54651,Sandstone
Prasat Thnoeng,ប្រាសាទថ្នឹង,"Prasat Balang 1, Monument I",Temple,Good,Hinduism,Koh Ker,"""POLYGON((104.541389 13.793333, 104.550000 13.793889, 104.564722 13.773056, 104.564167 13.760000, 104.560833 13.755833, 104.548611 13.750556, 104.535278 13.749167, 104.540000 13.770556, 104.542500 13.769167, 104.526667 13.791667, 104.533056 13.793056, 104.535278 13.785833, 104.541389 13.787222, 104.541389 13.793333))""^^<http://www.opengis.net/def/crs/OGC/1.3/CRS84>",Srayang,Kulen,Preah Vihear,Cambodia,Mid-10th Century,Jayavarman IV,13.78719,104.54622,Sandstone
Balang,បល្ល័ង្ក,"Prasat Thnoeng, Prasat Ling 3, Prasat Balang 3, Linga Temple 3, Prasat Balang Tbong",Mound,Ruin,Hinduism,Koh Ker,"""POLYGON((104.541389 13.793333, 104.550000 13.793889, 104.564722 13.773056, 104.564167 13.760000, 104.560833 13.755833, 104.548611 13.750556, 104.535278 13.749167, 104.540000 13.770556, 104.542500 13.769167, 104.526667 13.791667, 104.533056 13.793056, 104.535278 13.785833, 104.541389 13.787222, 104.541389 13.793333))""^^<http://www.opengis.net/def/crs/OGC/1.3/CRS84>",Srayang,Kulen,Preah Vihear,Cambodia,Mid-10th Century,Jayavarman IV,13.78554,104.54686,Sandstone
Prasat Andong Kuk,ប្រាសាទអណ្តូងគុក,"Monument G, Prasat Ling 4",Temple,Good,Hinduism,Koh Ker,"""POLYGON((104.541389 13.793333, 104.550000 13.793889, 104.564722 13.773056, 104.564167 13.760000, 104.560833 13.755833, 104.548611 13.750556, 104.535278 13.749167, 104.540000 13.770556, 104.542500 13.769167, 104.526667 13.791667, 104.533056 13.793056, 104.535278 13.785833, 104.541389 13.787222, 104.541389 13.793333))""^^<http://www.opengis.net/def/crs/OGC/1.3/CRS84>",Srayang,Kulen,Preah Vihear,Cambodia,Mid-10th Century,Jayavarman IV,13.78471,104.5468,Sandstone
Prasat Krachap,ប្រាសាទក្រចាប់,"Monument E, Temple of the Inscriptions, Prasat Rahal",Temple Complex,Intact,Hinduism,Koh Ker,"""POLYGON((104.541389 13.793333, 104.550000 13.793889, 104.564722 13.773056, 104.564167 13.760000, 104.560833 13.755833, 104.548611 13.750556, 104.535278 13.749167, 104.540000 13.770556, 104.542500 13.769167, 104.526667 13.791667, 104.533056 13.793056, 104.535278 13.785833, 104.541389 13.787222, 104.541389 13.793333))""^^<http://www.opengis.net/def/crs/OGC/1.3/CRS84>",Srayang,Kulen,Preah Vihear,Cambodia,Mid-10th Century,Jayavarman IV,13.78213,104.54742,"Sandstone, Brick, Laterite"
Andong Preng,អណ្តូងប្រេង,"Prasat Thom Palace, Preah Ponlea, Palais",Ancient Reservoir,Intact,Hinduism,Koh Ker,"""POLYGON((104.541389 13.793333, 104.550000 13.793889, 104.564722 13.773056, 104.564167 13.760000, 104.560833 13.755833, 104.548611 13.750556, 104.535278 13.749167, 104.540000 13.770556, 104.542500 13.769167, 104.526667 13.791667, 104.533056 13.793056, 104.535278 13.785833, 104.541389 13.787222, 104.541389 13.793333))""^^<http://www.opengis.net/def/crs/OGC/1.3/CRS84>",Srayang,Kulen,Preah Vihear,Cambodia,Mid-10th Century,Jayavarman IV,13.77865,104.53958,"Laterite, Sandstone"
Prasat Plae Beng,ប្រាសាទផ្លែបេង,"Monument D, Pr. Beng",Temple,Ruin,Hinduism,Koh Ker,"""POLYGON((104.541389 13.793333, 104.550000 13.793889, 104.564722 13.773056, 104.564167 13.760000, 104.560833 13.755833, 104.548611 13.750556, 104.535278 13.749167, 104.540000 13.770556, 104.542500 13.769167, 104.526667 13.791667, 104.533056 13.793056, 104.535278 13.785833, 104.541389 13.787222, 104.541389 13.793333))""^^<http://www.opengis.net/def/crs/OGC/1.3/CRS84>",Srayang,Kulen,Preah Vihear,Cambodia,Mid-10th Century,Jayavarman IV,13.77971,104.54893,"Sandstone, Laterite"
Kroes Ling,គ្រឹះលិង្គ,"Tuol Kroes, Kuk Khna, Kroes Prasat",Mound,Ruin,Hinduism,Koh Ker,"""POLYGON((104.541389 13.793333, 104.550000 13.793889, 104.564722 13.773056, 104.564167 13.760000, 104.560833 13.755833, 104.548611 13.750556, 104.535278 13.749167, 104.540000 13.770556, 104.542500 13.769167, 104.526667 13.791667, 104.533056 13.793056, 104.535278 13.785833, 104.541389 13.787222, 104.541389 13.793333))""^^<http://www.opengis.net/def/crs/OGC/1.3/CRS84>",Srayang,Kulen,Preah Vihear,Cambodia,Mid-10th Century,Jayavarman IV,13.77745,104.55021,Brick
Prasat Banteay Pi Choan,ប្រាសាទបន្ទាយពីរជាន់,"Dong Kuk, Prasat Banteay Pitchean, Banteay Pi Choan, Prasat Banteay Pir Choan",Temple Complex,Good,Hinduism,Koh Ker,"""POLYGON((104.541389 13.793333, 104.550000 13.793889, 104.564722 13.773056, 104.564167 13.760000, 104.560833 13.755833, 104.548611 13.750556, 104.535278 13.749167, 104.540000 13.770556, 104.542500 13.769167, 104.526667 13.791667, 104.533056 13.793056, 104.535278 13.785833, 104.541389 13.787222, 104.541389 13.793333))""^^<http://www.opengis.net/def/crs/OGC/1.3/CRS84>",Srayang,Kulen,Preah Vihear,Cambodia,Mid-10th Century,Jayavarman IV,13.77613,104.55292,Laterite
Prasat Op On,ប្រាសាទឱបអូន,"Prasat Chamreh, Prasat Leak Neang",Temple,Regular,Hinduism,Koh Ker,"""POLYGON((104.541389 13.793333, 104.550000 13.793889, 104.564722 13.773056, 104.564167 13.760000, 104.560833 13.755833, 104.548611 13.750556, 104.535278 13.749167, 104.540000 13.770556, 104.542500 13.769167, 104.526667 13.791667, 104.533056 13.793056, 104.535278 13.785833, 104.541389 13.787222, 104.541389 13.793333))""^^<http://www.opengis.net/def/crs/OGC/1.3/CRS84>",Srayang,Kulen,Preah Vihear,Cambodia,Mid-10th Century,Jayavarman IV,13.77499,104.55458,Brick
Prasat Chrap,ប្រាសាទច្រាប,,Temple Complex,Regular,Hinduism,Koh Ker,"""POLYGON((104.541389 13.793333, 104.550000 13.793889, 104.564722 13.773056, 104.564167 13.760000, 104.560833 13.755833, 104.548611 13.750556, 104.535278 13.749167, 104.540000 13.770556, 104.542500 13.769167, 104.526667 13.791667, 104.533056 13.793056, 104.535278 13.785833, 104.541389 13.787222, 104.541389 13.793333))""^^<http://www.opengis.net/def/crs/OGC/1.3/CRS84>",Srayang,Kulen,Preah Vihear,Cambodia,Mid-10th Century,Jayavarman IV,13.77214,104.55604,"Sandstone, Brick, Laterite"
Prasat Trapeang Svay,ប្រាសាទត្រពាំងស្វាយ,Prasat Prei Svay,Temple,Ruin,Hinduism,Koh Ker,"""POLYGON((104.541389 13.793333, 104.550000 13.793889, 104.564722 13.773056, 104.564167 13.760000, 104.560833 13.755833, 104.548611 13.750556, 104.535278 13.749167, 104.540000 13.770556, 104.542500 13.769167, 104.526667 13.791667, 104.533056 13.793056, 104.535278 13.785833, 104.541389 13.787222, 104.541389 13.793333))""^^<http://www.opengis.net/def/crs/OGC/1.3/CRS84>",Srayang,Kulen,Preah Vihear,Cambodia,Mid-10th Century,Jayavarman IV,13.767,104.56116,Brick
Prasat Samphear,ប្រាសាទសំព័រ,"Prasat Sampear, Prasat Trapeang Svay, Prasat Sampor, Prasat Samphor",Temple,Ruin,Hinduism,Koh Ker,"""POLYGON((104.541389 13.793333, 104.550000 13.793889, 104.564722 13.773056, 104.564167 13.760000, 104.560833 13.755833, 104.548611 13.750556, 104.535278 13.749167, 104.540000 13.770556, 104.542500 13.769167, 104.526667 13.791667, 104.533056 13.793056, 104.535278 13.785833, 104.541389 13.787222, 104.541389 13.793333))""^^<http://www.opengis.net/def/crs/OGC/1.3/CRS84>",Srayang,Kulen,Preah Vihear,Cambodia,Mid-10th Century,Jayavarman IV,13.76955,104.55847,Brick
Prasat Kok Krong,ប្រាសាទគោកគ្រង,"Prasat Andong, Prasat O Pha-ong",Temple,Regular,Hinduism,Koh Ker,"""POLYGON((104.541389 13.793333, 104.550000 13.793889, 104.564722 13.773056, 104.564167 13.760000, 104.560833 13.755833, 104.548611 13.750556, 104.535278 13.749167, 104.540000 13.770556, 104.542500 13.769167, 104.526667 13.791667, 104.533056 13.793056, 104.535278 13.785833, 104.541389 13.787222, 104.541389 13.793333))""^^<http://www.opengis.net/def/crs/OGC/1.3/CRS84>",Srayang,Kulen,Preah Vihear,Cambodia,Mid-10th Century,Jayavarman IV,13.76492,104.55287,Brick
Tuol Kroes,ទួលគ្រឹះ,Kuk Khna,Mound,Ruin,Hinduism,Koh Ker,"""POLYGON((104.541389 13.793333, 104.550000 13.793889, 104.564722 13.773056, 104.564167 13.760000, 104.560833 13.755833, 104.548611 13.750556, 104.535278 13.749167, 104.540000 13.770556, 104.542500 13.769167, 104.526667 13.791667, 104.533056 13.793056, 104.535278 13.785833, 104.541389 13.787222, 104.541389 13.793333))""^^<http://www.opengis.net/def/crs/OGC/1.3/CRS84>",Srayang,Kulen,Preah Vihear,Cambodia,Mid-10th Century,Jayavarman IV,13.76913,104.55247,"Laterite, Brick"
Prasat Toch,ប្រាសាទតូច,,Mound,Ruin,Hinduism,Koh Ker,"""POLYGON((104.541389 13.793333, 104.550000 13.793889, 104.564722 13.773056, 104.564167 13.760000, 104.560833 13.755833, 104.548611 13.750556, 104.535278 13.749167, 104.540000 13.770556, 104.542500 13.769167, 104.526667 13.791667, 104.533056 13.793056, 104.535278 13.785833, 104.541389 13.787222, 104.541389 13.793333))""^^<http://www.opengis.net/def/crs/OGC/1.3/CRS84>",Srayang,Kulen,Preah Vihear,Cambodia,Mid-10th Century,Jayavarman IV,13.76921,104.55258,Laterite
Prasat Khtom,ប្រាសាទខ្ទុំ,"Monument C, Prasat",Temple,Regular,Hinduism,Koh Ker,"""POLYGON((104.541389 13.793333, 104.550000 13.793889, 104.564722 13.773056, 104.564167 13.760000, 104.560833 13.755833, 104.548611 13.750556, 104.535278 13.749167, 104.540000 13.770556, 104.542500 13.769167, 104.526667 13.791667, 104.533056 13.793056, 104.535278 13.785833, 104.541389 13.787222, 104.541389 13.793333))""^^<http://www.opengis.net/def/crs/OGC/1.3/CRS84>",Srayang,Kulen,Preah Vihear,Cambodia,Mid-10th Century,Jayavarman IV,13.76813,104.54997,Laterite
Prasat Damrei,ប្រាសាទដំរី​,Prasat Damrei Chang Kandoeng,Temple Complex,Good,Hinduism,Koh Ker,"""POLYGON((104.541389 13.793333, 104.550000 13.793889, 104.564722 13.773056, 104.564167 13.760000, 104.560833 13.755833, 104.548611 13.750556, 104.535278 13.749167, 104.540000 13.770556, 104.542500 13.769167, 104.526667 13.791667, 104.533056 13.793056, 104.535278 13.785833, 104.541389 13.787222, 104.541389 13.793333))""^^<http://www.opengis.net/def/crs/OGC/1.3/CRS84>",Srayang,Kulen,Preah Vihear,Cambodia,Mid-10th Century,Jayavarman IV,13.76875,104.54992,"Brick, Sandstone"
Trapeang Ang Khnar,ត្រពាំងអង្គខ្នារ,"Kaun Khmeng, Prasat Rolom, Prasat Boeng Khnar",Rock Carvings,Regular,Hinduism,Koh Ker,"""POLYGON((104.541389 13.793333, 104.550000 13.793889, 104.564722 13.773056, 104.564167 13.760000, 104.560833 13.755833, 104.548611 13.750556, 104.535278 13.749167, 104.540000 13.770556, 104.542500 13.769167, 104.526667 13.791667, 104.533056 13.793056, 104.535278 13.785833, 104.541389 13.787222, 104.541389 13.793333))""^^<http://www.opengis.net/def/crs/OGC/1.3/CRS84>",Srayang,Kulen,Preah Vihear,Cambodia,Mid-10th Century,Jayavarman IV,13.76675,104.54891,Rock
Prasat Khnar,ប្រាសាទខ្នារ,"Kaun Khmeng, Prasat Rolom, Prasat Boeng Khnar",Temple,Ruin,Hinduism,Koh Ker,"""POLYGON((104.541389 13.793333, 104.550000 13.793889, 104.564722 13.773056, 104.564167 13.760000, 104.560833 13.755833, 104.548611 13.750556, 104.535278 13.749167, 104.540000 13.770556, 104.542500 13.769167, 104.526667 13.791667, 104.533056 13.793056, 104.535278 13.785833, 104.541389 13.787222, 104.541389 13.793333))""^^<http://www.opengis.net/def/crs/OGC/1.3/CRS84>",Srayang,Kulen,Preah Vihear,Cambodia,Mid-10th Century,Jayavarman IV,13.76661,104.54753,Sandstone
 Prasat Kraham,ប្រាសាទក្រហម,"Prasat Krahom, Prasat Chaab Neang, Prasat Aub Neang, Prasat Sampor, Prasat Aob Neang",Temple,Good,Hinduism,Koh Ker,"""POLYGON((104.541389 13.793333, 104.550000 13.793889, 104.564722 13.773056, 104.564167 13.760000, 104.560833 13.755833, 104.548611 13.750556, 104.535278 13.749167, 104.540000 13.770556, 104.542500 13.769167, 104.526667 13.791667, 104.533056 13.793056, 104.535278 13.785833, 104.541389 13.787222, 104.541389 13.793333))""^^<http://www.opengis.net/def/crs/OGC/1.3/CRS84>",Srayang,Kulen,Preah Vihear,Cambodia,Mid-10th Century,Jayavarman IV,13.76792,104.54557,"Brick, Laterite, Sandstone"
Prasat Chen,"	ប្រាសាទចិន",,Temple Complex,Ruin,Hinduism,Koh Ker,"""POLYGON((104.541389 13.793333, 104.550000 13.793889, 104.564722 13.773056, 104.564167 13.760000, 104.560833 13.755833, 104.548611 13.750556, 104.535278 13.749167, 104.540000 13.770556, 104.542500 13.769167, 104.526667 13.791667, 104.533056 13.793056, 104.535278 13.785833, 104.541389 13.787222, 104.541389 13.793333))""^^<http://www.opengis.net/def/crs/OGC/1.3/CRS84>",Srayang,Kulen,Preah Vihear,Cambodia,Mid-10th Century,Jayavarman IV,13.7682,104.54172,Laterite
Prasat Bak,"	ប្រាសាទបាក់","Monument B, Pr. Kon Damrei",Temple,Ruin,Hinduism,Koh Ker,"""POLYGON((104.541389 13.793333, 104.550000 13.793889, 104.564722 13.773056, 104.564167 13.760000, 104.560833 13.755833, 104.548611 13.750556, 104.535278 13.749167, 104.540000 13.770556, 104.542500 13.769167, 104.526667 13.791667, 104.533056 13.793056, 104.535278 13.785833, 104.541389 13.787222, 104.541389 13.793333))""^^<http://www.opengis.net/def/crs/OGC/1.3/CRS84>",Srayang,Kulen,Preah Vihear,Cambodia,Mid-10th Century,Jayavarman IV,13.7619,104.54567,"Laterite, Sandstone"
Prasat Neang Khmau,ប្រាសាទនាងខ្មៅ,,Temple Complex,Intact,Hinduism,Koh Ker,"""POLYGON((104.541389 13.793333, 104.550000 13.793889, 104.564722 13.773056, 104.564167 13.760000, 104.560833 13.755833, 104.548611 13.750556, 104.535278 13.749167, 104.540000 13.770556, 104.542500 13.769167, 104.526667 13.791667, 104.533056 13.793056, 104.535278 13.785833, 104.541389 13.787222, 104.541389 13.793333))""^^<http://www.opengis.net/def/crs/OGC/1.3/CRS84>",Srayang,Kulen,Preah Vihear,Cambodia,Mid-10th Century,Jayavarman IV,13.75474,104.54823,Laterite
Prasat Pram,ប្រាសាទប្រាំ,Prasat Bram,Temple,Intact,Hinduism,Koh Ker,"""POLYGON((104.541389 13.793333, 104.550000 13.793889, 104.564722 13.773056, 104.564167 13.760000, 104.560833 13.755833, 104.548611 13.750556, 104.535278 13.749167, 104.540000 13.770556, 104.542500 13.769167, 104.526667 13.791667, 104.533056 13.793056, 104.535278 13.785833, 104.541389 13.787222, 104.541389 13.793333))""^^<http://www.opengis.net/def/crs/OGC/1.3/CRS84>",Srayang,Kulen,Preah Vihear,Cambodia,Mid-10th Century,Jayavarman IV,13.74992,104.54511,"Laterite, Brick"
Prasat Trapeang Russei,ប្រាសាទត្រពាំងឫស្សី,"Kbal Chey, Monument K, Prasat Kok Khmaoch",Temple,Good,Hinduism,Koh Ker,"""POLYGON((104.541389 13.793333, 104.550000 13.793889, 104.564722 13.773056, 104.564167 13.760000, 104.560833 13.755833, 104.548611 13.750556, 104.535278 13.749167, 104.540000 13.770556, 104.542500 13.769167, 104.526667 13.791667, 104.533056 13.793056, 104.535278 13.785833, 104.541389 13.787222, 104.541389 13.793333))""^^<http://www.opengis.net/def/crs/OGC/1.3/CRS84>",Srayang,Kulen,Preah Vihear,Cambodia,Mid-10th Century,Jayavarman IV,13.79095,104.54323,Sandstone
Prasat Sralau,ប្រាសាទស្រឡៅ,"Monument F, Prasat Andong Kuk",Arogyasala,Ruin,Hinduism,Koh Ker,"""POLYGON((104.541389 13.793333, 104.550000 13.793889, 104.564722 13.773056, 104.564167 13.760000, 104.560833 13.755833, 104.548611 13.750556, 104.535278 13.749167, 104.540000 13.770556, 104.542500 13.769167, 104.526667 13.791667, 104.533056 13.793056, 104.535278 13.785833, 104.541389 13.787222, 104.541389 13.793333))""^^<http://www.opengis.net/def/crs/OGC/1.3/CRS84>",Srayang,Kulen,Preah Vihear,Cambodia,Mid-10th Century,"Jayavarman IV, Jayavarman VII",13.78386,104.54701,Laterite
Tuol Balang Ling,ទួលបល្ល័ង្កលិង្គ,,Mound,Ruin,Hinduism,Koh Ker,"""POLYGON((104.541389 13.793333, 104.550000 13.793889, 104.564722 13.773056, 104.564167 13.760000, 104.560833 13.755833, 104.548611 13.750556, 104.535278 13.749167, 104.540000 13.770556, 104.542500 13.769167, 104.526667 13.791667, 104.533056 13.793056, 104.535278 13.785833, 104.541389 13.787222, 104.541389 13.793333))""^^<http://www.opengis.net/def/crs/OGC/1.3/CRS84>",Srayang,Kulen,Preah Vihear,Cambodia,Mid-10th Century,Jayavarman IV,13.76564,104.55289,Laterite
Kroes Ling (Prasat Pram),គ្រឹះលិង្គ,Kroes Ling,Mound,Ruin,Hinduism,Koh Ker,"""POLYGON((104.541389 13.793333, 104.550000 13.793889, 104.564722 13.773056, 104.564167 13.760000, 104.560833 13.755833, 104.548611 13.750556, 104.535278 13.749167, 104.540000 13.770556, 104.542500 13.769167, 104.526667 13.791667, 104.533056 13.793056, 104.535278 13.785833, 104.541389 13.787222, 104.541389 13.793333))""^^<http://www.opengis.net/def/crs/OGC/1.3/CRS84>",Srayang,Kulen,Preah Vihear,Cambodia,Mid-10th Century,Jayavarman IV,13.75198,104.54328,"Laterite, Sandstone"
Prasat Preah Vihear,ប្រាសាទព្រះវិហារ,"Phnom Preah Vihear, Prasat Phnom Preah Vihear, Prasat Khao Phra Viharn, Prasat Khao Phra Vihan",Temple,Intact,Hinduism,Prasat Preah Vihear,,Sror Aem,Choam Khsant,Preah Vihear,Cambodia,9th–12th Century,"Yasovarman I, Suryavarman I, Suryavarman II",14.39043,104.68026,Sandstone
Prasat Preah Vihear Tower,ប៉មប្រាសាទព្រះវិហារ,,Temple,Intact,Hinduism,Prasat Preah Vihear,,Sror Aem,Choam Khsant,Preah Vihear,Cambodia,9th–12th Century,"Yasovarman I, Suryavarman I, Suryavarman II",14.39191,104.68061,Sandstone
Prasat Preah Vihear Gopura III,ប្រាសាទព្រះវិហារគោបុរៈ៣,,Gopura,Intact,Hinduism,Prasat Preah Vihear,,Sror Aem,Choam Khsant,Preah Vihear,Cambodia,9th–12th Century,"Yasovarman I, Suryavarman I, Suryavarman II",14.39176,104.68029,Sandstone
Prasat Preah Vihear Gopura II,ប្រាសាទព្រះវិហារគោបុរៈ២,,Gopura,Intact,Hinduism,Prasat Preah Vihear,,Sror Aem,Choam Khsant,Preah Vihear,Cambodia,9th–12th Century,"Yasovarman I, Suryavarman I, Suryavarman II",14.39355,104.68031,Sandstone
Prasat Preah Vihear Gopura I,ប្រាសាទព្រះវិហារគោបុរៈ១,,Gopura,Ruin,Hinduism,Prasat Preah Vihear,,Sror Aem,Choam Khsant,Preah Vihear,Cambodia,9th–12th Century,"Yasovarman I, Suryavarman I, Suryavarman II",14.39649,104.68034,Sandstone
Chandar Borann Prasat Preah Vihear,ជណ្ដើរបុរាណប្រាសាទព្រះវិហារ,Preah Vihear Ancient Staircase,Staircase,Ruin,Hinduism,Prasat Preah Vihear,,Sror Aem,Choam Khsant,Preah Vihear,Cambodia,9th–12th Century,"Yasovarman I, Suryavarman I, Suryavarman II",14.39502,104.694,Sandstone
Prasat Toch,ប្រាសាទតូច,"Prasat Kor Muoy, Prasat Ko Mui",Arogyasala,Ruin,Buddhism,Prasat Preah Vihear,,Kantuot,Choam Khsant,Preah Vihear,Cambodia,Late 12th Century,Jayavarman VII,14.37691,104.6616,"Laterite, Sandstone"
Tuol Daun Mong,ទួលដូនមោង,"M.076, Don Mong Group, Tuol Don Mong",Mound,Ruin,Hinduism,Sambor Prei Kuk,,O Krou Kae,Prasat Sambor,Kampong Thom,Cambodia,7th Century,Isanavarman I; Jayavarman I,12.86772,105.0289,Brick
Prasat Neang Preah,ប្រាសាទនាងព្រះ,"Tuol, M.053",Temple,Ruin,Hinduism,Sambor Prei Kuk,,O Krou Kae,Prasat Sambor,Kampong Thom,Cambodia,7th Century,Isanavarman I; Jayavarman I,12.88913,105.03341,Brick
Boeng Damnak,បឹងដំណាក់,,Ancient Reservoir,Intact,Hinduism,Sambor Prei Kuk,,Cheay Sampov,Prasat Sambor,Kampong Thom,Cambodia,7th Century,Isanavarman I; Jayavarman I,12.86569,105.01271,Earth
Prasat Tao,ប្រាសាទតោ,"Central Group, Group C, Central Group Sambor Prei Kuk",Temple,Intact,Hinduism,Sambor Prei Kuk,,Sambor,Prasat Sambor,Kampong Thom,Cambodia,7th Century,Isanavarman I; Jayavarman I,12.86759,105.03894,"Brick, Laterite, Sandstone"
Prasat Tao C1,ប្រាសាទតោ,"Central Group, Group C, Central Group Sambor Prei Kuk",Temple,Intact,Hinduism,Sambor Prei Kuk,,Sambor,Prasat Sambor,Kampong Thom,Cambodia,7th Century,Isanavarman I; Jayavarman I,12.86761,105.03838,"Brick, Laterite"
Prasat Khnach Tol Khang Kaeut,ប្រាសាទខ្នាចទោលខាងកើត,"M.103, Prasat Khnach Tol, Prasat Khnach Tol East",Temple,Ruin,Hinduism,Sambor Prei Kuk,,O Krou Kae,Prasat Sambor,Kampong Thom,Cambodia,7th Century,Bhavavarman II (?),12.87024,105.01675,"Brick, Sandstone"
Srah Prasat Tao,ស្រះប្រាសាទតោ,"Central Group, Group C, Central Group Sambor Prei Kuk",Ancient Reservoir,Dried,Hinduism,Sambor Prei Kuk,,Sambor,Sambor,Prasat Sambor,Kampong Thom,7th Century,Isanavarman I; Jayavarman I,12.86868,105.03977,"Laterite, Sandstone"
Thma Chi Chhlun,ថ្មជីឈ្លុន,"N23, M.019",Temple,Ruin,Hinduism,Sambor Prei Kuk,,Sambor,Prasat Sambor,Kampong Thom,Cambodia,Early 7th Century,Isanavarman I,12.87055,105.04557,Brick
Prasat Srang Preah,ប្រាសាទស្រង់ព្រះ,"N22, M.021, Pr Som Tuk Pleang, Praying Rain Temple, Prasat Sreng Treach",Temple,Intact,Hinduism,Sambor Prei Kuk,,Sambor,Prasat Sambor,Kampong Thom,Cambodia,Early 7th Century,Isanavarman I,12.86938,105.04361,Brick
Prasat Sandan,ប្រាសាទសណ្ដាន់,"N21, M.010",Temple,Intact,Hinduism,Sambor Prei Kuk,,Sambor,Prasat Sambor,Kampong Thom,Cambodia,Early 7th Century,Isanavarman I,12.87592,105.04522,Brick
Prasat Kok Troung,ប្រាសាទគក់ទ្រូង,"Prasat Kok Trong, Prasat Ta San, W, M.041",Temple,Intact,Hinduism,Sambor Prei Kuk,,Sambor,Prasat Sambor,Kampong Thom,Cambodia,Early 7th Century,Isanavarman I,12.8595,105.03818,Brick
Prasat Yeay Poan S7,ប្រាសាទយាយព័ន្ធ,M.023,Temple,Intact,Hinduism,Sambor Prei Kuk,,Sambor,Prasat Sambor,Kampong Thom,Cambodia,Early to mid-7th Century,Isanavarman I,12.86507,105.04149,Brick
Prasat Yeay Poan,ប្រាសាទយាយព័ន្ធ,"South Group, Sambor Prei Kuk South Group, M.023",Temple,Intact,Hinduism,Sambor Prei Kuk,,Sambor,Prasat Sambor,Kampong Thom,Cambodia,Early to mid-7th Century,Isanavarman I; Bhavavarman II,12.86539,105.04184,"Brick, Laterite, Sandstone"
Prasat Yeay Poan S1,ប្រាសាទយាយព័ន្ធ,M.023,Temple,Intact,Hinduism,Sambor Prei Kuk,,Sambor,Prasat Sambor,Kampong Thom,Cambodia,Early to mid-7th Century,Isanavarman I,12.86542,105.04167,Brick
Prasat Yeay Poan S11,ប្រាសាទយាយព័ន្ធ,M.023,Temple,Intact,Hinduism,Sambor Prei Kuk,,Sambor,Prasat Sambor,Kampong Thom,Cambodia,Early to mid-7th Century,Isanavarman I,12.86509,105.04222,Brick
Prasat Yeay Poan S8,ប្រាសាទយាយព័ន្ធ,M.023,Temple,Intact,Hinduism,Sambor Prei Kuk,,Sambor,Prasat Sambor,Kampong Thom,Cambodia,Early to mid-7th Century,Isanavarman I,12.86568,105.0415,Brick
Prasat Yeay Poan S9,ប្រាសាទយាយព័ន្ធ,M.023,Temple,Intact,Hinduism,Sambor Prei Kuk,,Sambor,Prasat Sambor,Kampong Thom,Cambodia,Early to mid-7th Century,Isanavarman I,12.8657,105.04184,Brick
Prasat Yeay Poan S10,ប្រាសាទយាយព័ន្ធ,M.023,Temple,Intact,Hinduism,Sambor Prei Kuk,,Sambor,Prasat Sambor,Kampong Thom,Cambodia,Early to mid-7th Century,Isanavarman I,12.86571,105.04219,Brick
Prasat Ta Mon,ប្រាសាទតាមន,"M.063, Prasat Russei Roliek, Prasat Don Mong, Prasat Don Mum, Prasat Tamon",Temple,Intact,Hinduism,Sambor Prei Kuk,,O Krou Kae,Prasat Sambor,Kampong Thom,Cambodia,Early to mid-7th Century,Isanavarman I; Bhavavarman II,12.87438,105.02662,Brick
Prasat Robang Romeas,ប្រាសាទរបងរមាស,"M.052, group K",Temple,Intact,Hinduism,Sambor Prei Kuk,,O Krou Kae,Prasat Sambor,Kampong Thom,Cambodia,Late 10th - Early 11th Century,Rajendravarman II; Suryavarman I,12.89058,105.03361,"Brick, Laterite, Sandstone"
Prasat Daeum Chan,ប្រាសាទដើមចាន់,"N16 & N15, Pr. Bos Ream, M. 015",Temple,Intact,Hinduism,Sambor Prei Kuk,,Sambor,Prasat Sambor,Kampong Thom,Cambodia,Late 6th - Early 7th Century,Bhavavarman I,12.87238,105.04353,Brick
Baray Sambor Prei Kuk,បារាយណ៍សំបូរព្រៃគុហ៏,,Ancient Reservoir,Dried,Hinduism,Sambor Prei Kuk,,Sambor,Sambor,Prasat Sambor,Kampong Thom,Late 6th – Early 7th Century,Bhavavarman I,12.86895,105.05288,Earth
Asram Moha Eisei,អាស្រមមហាឥសី,"Ashram Eisei, Asram Moha Russei, N17, M.016",Temple,Intact,Hinduism,Sambor Prei Kuk,,Sambor,Prasat Sambor,Kampong Thom,Cambodia,Late 6th Century,Bhavavarman I,12.87221,105.04255,"	Sandstone"
Prasat Chrei,ប្រាសាទជ្រៃ,"N18, M. 017, Prasat Daeum Chrei",Temple,Intact,Hinduism,Sambor Prei Kuk,,Sambor,Prasat Sambor,Kampong Thom,Cambodia,Late 6th Century,Bhavavarman I,12.87261,105.04222,Brick
Sambor Prei Kuk N19,សំបូរព្រៃគុហ៏ N19,M. 019,Temple,Intact,Hinduism,Sambor Prei Kuk,,Sambor,Prasat Sambor,Kampong Thom,Cambodia,Late 6th Century,Bhavavarman I,12.87332,105.04332,Brick
Prasat Srei Krup Leak,ប្រាសាទស្រីគ្រប់ល័ក្ខណ៍,Group L,Temple,Intact,Hinduism,Sambor Prei Kuk,,Sambor,Prasat Sambor,Kampong Thom,Cambodia,Late 6th Century; 11th C renovation,Bhavavarman I; Rajendravarman II,12.88965,105.03548,Brick
Prasat Sambor,ប្រាសាទសំបូ,"M.039, Trapeang Lpeak, Group Z",Temple,Intact,Hinduism,Sambor Prei Kuk,,Sambor,Prasat Sambor,Kampong Thom,Cambodia,Late-6th to 7th Century,Bhavavarman I; Isanavarman I; Bhavavarman II; Jayavarman I,12.87107,105.04312,"Brick, Laterite"
Prasat Sambor N9,ប្រាសាទសំបូ,M.039,Temple,Intact,Hinduism,Sambor Prei Kuk,,Sambor,Prasat Sambor,Kampong Thom,Cambodia,Late-6th to 7th Century,Bhavavarman I; Isanavarman I,12.87121,105.04343,Brick
Prasat Sambor N8,ប្រាសាទសំបូ,M.039,Temple,Intact,Hinduism,Sambor Prei Kuk,,Sambor,Prasat Sambor,Kampong Thom,Cambodia,Late-6th to 7th Century,Bhavavarman I; Isanavarman I,12.87118,105.04277,Brick
Prasat Sambor N1,ប្រាសាទសំបូ,M.039,Temple,Intact,Hinduism,Sambor Prei Kuk,,Sambor,Prasat Sambor,Kampong Thom,Cambodia,Late-6th to 7th Century,Bhavavarman I; Isanavarman I,12.87086,105.04312,"Brick, Laterite"
Prasat Sambor N10,ប្រាសាទសំបូ,M.039,Temple,Intact,Hinduism,Sambor Prei Kuk,,Sambor,Prasat Sambor,Kampong Thom,Cambodia,Late-6th to 7th Century,Bhavavarman I; Isanavarman I,12.87051,105.04349,Brick
Prasat Sambor N7,ប្រាសាទសំបូ,"M.039, Edifice L",Temple,Intact,Hinduism,Sambor Prei Kuk,,Sambor,Prasat Sambor,Kampong Thom,Cambodia,Late-6th to 7th Century,Bhavavarman I; Isanavarman I,12.87052,105.04276,Brick
Prasat Sambor N11,ប្រាសាទសំបូ,M.039,Temple,Intact,Hinduism,Sambor Prei Kuk,,Sambor,Prasat Sambor,Kampong Thom,Cambodia,Late-6th to 7th Century,Bhavavarman I; Isanavarman I,12.87065,105.04239,Brick
Prasat Sambor N13,ប្រាសាទសំបូ,M.039,Temple,Ruin,Hinduism,Sambor Prei Kuk,,Sambor,Prasat Sambor,Kampong Thom,Cambodia,Late-6th to 7th Century,Bhavavarman I; Isanavarman I,12.87143,105.04235,Brick
Prasat Sambor N28,ប្រាសាទសំបូ,M.039,Gate,Ruin,Hinduism,Sambor Prei Kuk,,Sambor,Prasat Sambor,Kampong Thom,Cambodia,Late-6th to 7th Century,Bhavavarman I; Isanavarman I,12.87165,105.04309,"Brick, Laterite"
Prasat Sambor N14-2,ប្រាសាទសំបូ,M.039,Temple,Ruin,Hinduism,Sambor Prei Kuk,,Sambor,Prasat Sambor,Kampong Thom,Cambodia,Late-6th to 7th Century,Bhavavarman I; Isanavarman I,12.87145,105.04342,"Brick, Sandstone"
Prasat Sambor N12,ប្រាសាទសំបូ,M.039,Temple,Ruin,Hinduism,Sambor Prei Kuk,,Sambor,Prasat Sambor,Kampong Thom,Cambodia,Late-6th to 7th Century,Bhavavarman I; Isanavarman I,12.87104,105.04236,Brick
Prasat Sambor N27,ប្រាសាទសំបូ,M.039,Gate,Ruin,Hinduism,Sambor Prei Kuk,,Sambor,Prasat Sambor,Kampong Thom,Cambodia,Late-6th to 7th Century,Bhavavarman I; Isanavarman I,12.87086,105.04208,"Brick, Laterite"
Prasat Sambor N14-1,ប្រាសាទសំបូ,M.039,Temple,Ruin,Hinduism,Sambor Prei Kuk,,Sambor,Prasat Sambor,Kampong Thom,Cambodia,Late-6th to 7th Century,Bhavavarman I; Isanavarman I,12.87054,105.04374,Brick
Prasat Sambor N26,ប្រាសាទសំបូ,M.039,Gate,Ruin,Hinduism,Sambor Prei Kuk,,Sambor,Prasat Sambor,Kampong Thom,Cambodia,Late-6th to 7th Century,Bhavavarman I; Isanavarman I,12.87008,105.04312,"Brick, Laterite"
Prasat Sambor N25,ប្រាសាទសំបូ,M.039,Gate,Ruin,Hinduism,Sambor Prei Kuk,,Sambor,Prasat Sambor,Kampong Thom,Cambodia,Late-6th to 7th Century,Bhavavarman I; Isanavarman I,12.87092,105.04394,"Brick, Laterite"
Sambor Prei Kuk C7,សំបូរព្រៃគុក,M.027,Temple,Ruin,Hinduism,Sambor Prei Kuk,,Sambor,Prasat Sambor,Kampong Thom,Cambodia,Mid-7th Century,Bhavavarman II,12.87129,105.03954,Brick
Prasat Kbal Chrouk,ប្រាសាទក្បាលជ្រូក,"N20, M.013, Prasat Chromos Chrouk",Temple,Intact,Hinduism,Sambor Prei Kuk,,Sambor,Prasat Sambor,Kampong Thom,Cambodia,Mid-7th Century,Bhavavarman II,12.87433,105.04491,Brick
Sambor Prei Kuk C2-C3,សំបូរព្រៃគុក,"M.033, M.034",Temple,Ruin,Hinduism,Sambor Prei Kuk,,Sambor,Prasat Sambor,Kampong Thom,Cambodia,Mid-7th Century,Bhavavarman II,12.86759,105.0366,Brick
Sambor Prei Kuk C4-C5,សំបូរព្រៃគុក,"M.035, M.036",Temple,Ruin,Hinduism,Sambor Prei Kuk,,Sambor,Prasat Sambor,Kampong Thom,Cambodia,Mid-7th Century,Bhavavarman II,12.86674,105.03664,Brick
Prasat Trapeang Ropeak,ប្រាសាទត្រពាំងរពាក់,"M.039, Trapeang Lpeak, Group Z",Temple,Intact,Hinduism,Sambor Prei Kuk,,Sambor,Prasat Sambor,Kampong Thom,Cambodia,Mid-7th Century,Bhavavarman II,12.86438,105.03708,Brick
Sambor Prei Kuk Y,សំបូរព្រៃគុក Y,M.040,Temple,Intact,Hinduism,Sambor Prei Kuk,,Sambor,Prasat Sambor,Kampong Thom,Cambodia,Mid-7th Century,Bhavavarman II,12.86453,105.03625,Brick
Prasat Kbal Chrouk,ប្រាសាទក្បាលជ្រូក,"N20, M.013, Prasat Chromos Chrouk",Temple,Intact,Hinduism,Sambor Prei Kuk,,Sambor,Prasat Sambor,Kampong Thom,Cambodia,Mid-7th Century,Bhavavarman II,12.87433,105.04491,Brick
Prasat Rong Chambok,ប្រាសាទរោងចំបក់,"N24, M.012, Bos Ream, Prasat Anlong",Temple,Intact,Hinduism,Sambor Prei Kuk,,Sambor,Prasat Sambor,Kampong Thom,Cambodia,Mid-7th Century,Bhavavarman II,12.87665,105.04117,Brick
Boeng Khla Krap,បឹងខ្លាក្រាប,Baray Khla Krap,Ancient Reservoir,Intact,Hinduism,Sambor Prei Kuk,,Sambor,Sambor,Prasat Sambor,Kampong Thom,Late-6th to 7th Century,Bhavavarman I; Isanavarman I,12.86861,105.05084,Earth
