Project_ID,Title,Acronym,Status,Start,End,Site,Organization,Authority,Responsible,Funder,Field,Material,DocumentedIn,Specific,Scope
ACTV_00011,Sculpture Conservation Restoration Workshop of the National Museum of Cambodia,SCRW,"Ongoing	",1999,Present,"UNESCO_01, UNESCO_02, UNESCO_03, UNESCO_04",ORG_00031,ORG_00062,AUTH_BEPORT,"ORG_00031,  ORG_00171","Conservation Science, Art, Chemistry, Museology","Sandstone, Bronze",ICC-Angkor: 20 years of international cooperation for conservation and sustainable development,,"Establishment and implementation of a specialized technical atelier for the structural restoration, epigraphic analysis, and physical conservation of ancient Khmer stone statuary, lintels, and inscriptions.Dismantlement, de-restoration of old concrete interventions, salt extraction, structural block assembly, sandstone petrographic sampling, high-precision inscription rubbing, and physical preparation of masterpieces for international exhibitions."
ACTV_00019,Past Urban Resilience and Adaptation,PURA,"Ongoing	",2024,Present,UNESCO_04,ORG_00058,NATB_00002,AUTH_CHCARL,ORG_00058,"Architecture, Geotechnical Engineering, Conservation Science",,,,"Geoarchaeological landscape research and environmental data analysis exploring the urban trajectory, water management, and decline of the 10th-century capital of Koh Ker. Terrestrial sediment coring, magnetic susceptibility profiling, radiocarbon dating, and geochemical analysis of tropical soils to reconstruct ancient land use, agricultural practices, and fire regimes."
ACTV_00014,Maha Russey Ashram Conservation Project,MRSP,"Ongoing	",2022,Present,UNESCO_03,ORG_00162,NATB_00003,AUTH_DEKHOB,ORG_00169,"Conservation Science, Architecture, Materials Science, Archaeology",Sandstone,,Pr.Kuk N17,"Emergency structural consolidation, architectural preservation, and salt mitigation of sandstone sanctuary located within the Sambor Prei Kuk UNESCO World Heritage zone. Dismantling and re-stabilization of the thin sandstone wall slabs and structural pillars, cleaning of unique kudu/gavaksha (sun-window) niche reliefs, salinity extraction from stone matrices, and specialized local community capacity building in early masonry conservation techniques."
ACTV_00016,Prasat Kraham Project,PKP,"Ongoing	",2025,2029,UNESCO_04,ORG_00031,NATB_00002,AUTH_ERBOUR,ORG_00166,"Architecture, Conservation Science, Materials Science, History","Sandstone, Laterite, Brick",ICC-Angkor: 20 years of international cooperation for conservation and sustainable development,Prasat Kraham,"Structural reinforcement, architectural stabilization, and archaeological conservation of the largest 10th-century brick sanctuary tower at Koh Ker. Debris removal, deep masonry reinforcement against structural collapse, stabilization of exterior stucco, drainage control, and site monitoring."
ACTV_00018,Restoration of the Monumental Dancing Shiva,,Concluded,2020,2026,UNESCO_04,"ORG_00031, NATB_00002",NATB_00001,AUTH_ERBOUR,ORG_00166,"Archaeometry, Geochemistry, Climatology, Ecology",Sandstone,RESTORATION AND REBIRTH,Prasat Thom Prang,"Physical reassembly and structural reconstruction of the monumental, 10th-century five-headed and ten-armed sandstone Shiva Nataraja sculpture from Koh Ker. Sorting and cataloging over 10,000 fragments shattered by looters, virtual 3D modeling, manual 3D puzzle reassembly of 2,750+ sculpted fragments, structural design of a load-bearing internal support armature, and specialized training for local stone conservators."
ACTV_00001,German Apsara Conservation Project,GACP,"Ongoing	",1995,Present,UNESCO_01,ORG_00109,NATB_00001,"AUTH_HALEIS, AUTH_ESLEIS",ORG_00152,"Conservation Science, Geochemistry, Materials Science, Architecture","Sandstone,Stucco",The Southwest Pavilion of Angkor Vat Temple: Damage Encountered and Conservation Efforts; Contour Scaling:the disfiguring disease of AngkorWat reliefs; On the Polychromy of Angkor Vat Results of Initial Paint Color Investigations,Prasat Angkor Wat,"Consolidation of sandstone, waterproofing, and stucco diagnostics, conservation of carvings in bas-relief."
ACTV_00009,Khmer Archaeology LiDAR Consortium,KALC,Concluded,2012,2012,"UNESCO_01, UNESCO_02, UNESCO_03, UNESCO_04","ORG_00001, ORG_00031, ORG_00136, ORG_00159, ORG_00006, ORG_00147, ORG_00149",NATB_00001,"AUTH_IMSOKR, AUTH_DAEVAN","NATB_00001, ORG_00031, ORG_00136,  ORG_00159, ORG_00006, ORG_00155, ORG_00149","Remote Sensing, Computer Science, Archaeology",,"Uncovering archaeological landscapes at Angkor using lidar; Airborne laser scanning as a method for exploring long-term socio-ecological dynamics in Cambodia; Temple occupation and the tempo of collapse at Angkor Wat, Cambodia","Angkor Wat, Beng Mealea, Preah Khan of Angkor, Ta Prohm, Banteay Chhmar, Prasat Sambor",Airborne LiDAR laser scanning acquisition over major Khmer archaeological zones to map hidden low-density urbanism
ACTV_00010,Living Angkor Road Project ,LARP,Concluded,2005,2015,"UNESCO_01, UNESCO_02, UNESCO_03, UNESCO_04",ORG_00160,NATB_00001,"AUTH_IMSOKR, AUTH_SULERT",ORG_00163,"Archaeology, Remote Sensing, Anthropology, Social History",Earth,The Living Angkor Road Project: Connectivity within Ancient Mainland Southeast Asia,,"Interdisciplinary mapping, excavation, and ethnographic study of ancient Khmer royal highway infrastructure"
ACTV_00002,Jaya Koh Ker Project,JAYA-KK,Concluded,2007,2014,UNESCO_04,ORG_00153,NATB_00002,AUTH_JAJELE,ORG_00154,"Epigraphy, Archaeology, Conservation Science, Geography","Sandtone, Ceramic, Brick","JAYA Koh Ker Project: project information and report for the 16th plenary session of ICC, Towards a landscape archaeology of Koh Ker: methods, issues and recent research",,"Inscription mapping, test excavations, ceramic profiling"
ACTV_00012,Roluos Project,RLP,Concluded,1992,2010,UNESCO_01,"ORG_00158, ORG_00100, ORG_00067",NATB_00001,AUTH_JAJELE,"ORG_00152, ORG_00100, ORG_00067, ORG_00154","Architecture, Conservation Science, Archaeology, Geotechnical Engineering","Sandstone, Laterite, Brick, Stucco","Conservation of external stuccoes and brick surfaces, Preah Ko Sanctuary, Roluos",Preah Ko,"Large-scale archaeological research, excavation, and landscape analysis of early Angkor capital (Hariharalaya)"
ACTV_00006,Khmer Habitat Interpretation Centre,KHIC,Concluded,2006,2012,UNESCO_01,ORG_00001 ,NATB_00001,AUTH_KHNEAY,"NATB_00001, ORG_00172","Museology, Education, Ecology, Public Administration",,DEPARTMENT OF LAND PLANNING AND HABITAT MANAGEMENT IN THE ANGKOR PARK PROJECTS PROGRESS REPORT,,"Development and implementation of an alternative community-based cultural tourism hub and open-air eco-museum near the Banteay Kdei East Gate. Socio-economic safeguarding of local villagers, community-run sustainable farming infrastructure implementation, clean energy deployment, and interactive biodiversity and traditional Khmer habitat exhibition design."
ACTV_00017,Conservation and Restoration of the Northern Ancient Staircase,,"Ongoing	",2018,2027,UNESCO_02,NATB_00002,NATB_00002,AUTH_KOPUTH,ORG_00167,"Conservation Science, Art, Computer Science, Heritage Science","Brick, Stucco",Conservation and Restoration of the Northern Ancient Staircase Preah Vihear Temple (Phases I-IV: 2018-2024); Damage to the World Heritage Site of Preah Vihear Temple Caused by the Armed Conflicts,Preah Vihear,"Structural engineering, safety stabilization, and historical restoration of the northern monumental staircase (~2,400 steps) at the Preah Vihear Temple. Strengthening the foundational stone layers, restoring ancient rainwater drainage systems flanking the staircase, repairing and reassembling shattered stone railings, lions, and pearl sculptures, and addressing structural vulnerabilities on individual staircase tiers."
ACTV_00004,Ta Keo Project,TAKEO,Concluded,2006,2009,UNESCO_01,"ORG_00016, ORG_00018","NATB_00001, ORG_00100","AUTH_MAANDR, AUTH_OLVOLD, AUTH_FRVAUT",ORG_00018,"Architecture, Geotechnical Engineering, Conservation Science, Materials Science","Sandstone, Laterite",TA KEO Project: Setting up of climate monitoring devices and future research perspectives; Assessment of sandstone deterioration at Ta Keo temple (Angkor): first results and future prospects,"Ta Keo, Ta Nei","Site-specific research, deterioration assessment, monitoring and conservation support"
ACTV_00005,Greater Angkor Project,GAP,Concluded,1998,2014,UNESCO_01,"ORG_00136, ORG_00031","NATB_00001, ORG_00100","AUTH_ROFLET, AUTH_CHPOTT, AUTH_DAEVAN, AUTH_DOOREI",ORG_00164,"Archaeology, Geography, Remote Sensing, Water Resources","Sandstone, Laterite, Brick, Earth, Ceramics","GREATER ANGKOR PROJECT 2002 – 2005 PRELIMINARY REPORTS SERIES; A comprehensive archaeological map of the world's largest preindustrial settlement complex at Angkor, Cambodia; REDEFINING ANGKOR: STRUCTURE AND ENVIRONMENT IN THE LARGEST LOW DENSITY URBAN COMPLEX OF THE PRE-INDUSTRIAL WORLD",,Regional archaeological research and landscape-scale urbanism study
ACTV_00007,Ta Prohm Project,TAPROHM,"Ongoing	",2004,Present,UNESCO_01,ORG_00162,NATB_00001,AUTH_SISOOD,ORG_00169,"Conservation Science, Architecture, Botany, Geotechnical Engineering","Sandstone, Laterite, Brick",Ta Prohm Temple; Conservation  and  restoration  of  the Hall  of  Dancers  and  new  discoveries,Ta Phrom,"Site-specific conservation, archaeological documentation, and structural restoration"
ACTV_00015,Cambodia Japan Sambor Prei Kuk Conservation Project,CJSCP,Concluded,2018,2024,UNESCO_03,ORG_00147,NATB_00003,AUTH_TANAKA,ORG_00155,"Architecture, Conservation Science, Remote Sensing, Materials Science","Brick, Laterite","Geographical Survey of Sambor Prei Kuk; Damage Assessment and Guidelines for Restoration Methods of Ancient Brick Structures at Sambor Prei Kuk, Cambodia; ","Temple N7, N8, N10, N12, N13 and M90, Prasat   Sambor (N), Prasat Yeai Poeun, Prasat Tao","Structural stabilization, architectural restoration, and long-term archaeological conservation of the 7th-century pre-Angkorian brick temple complexes and sanctuary towers within the Sambor Prei Kuk UNESCO World Heritage site.Emergency bracing and stabilization of tilting brick masonry, removal of invasive root systems, formulaic replication and testing of historic lime mortars, brick surface consolidation, continuous environmental moisture monitoring, and three-dimensional digital laser scanning of early architectural reliefs."
ACTV_00003,Japan-APSARA for Safeguarding Angkor,JASA,"Ongoing	",1994,Present,"UNESCO_01, UNESCO_04",ORG_00147,"NATB_00001, ORG_00100",AUTH_TANAKA,ORG_00155,"Architecture, Geotechnical Engineering, Conservation Science, Geochemistry","Sandstone, Laterite",Construction sequence of the Koh Ker monuments in Cambodia deduced from the chemical composition and magnetic susceptibility of its laterites; Religious concept in the layout of the ancient Khmer city of Koh Ker; The Master Plan for the Conservation & Restoration of the Bayon Complex,"Bayon, Prasat Thom Prang","Dismantling of temples, block consolidation, architectural stabilization."
ACTV_00013,Angkor Inscriptions Survey,AIS,"Ongoing	",2007,Present,"UNESCO_01, UNESCO_04",ORG_00157,NATB_00001,AUTH_THMAXW,"ORG_00170, ORG_00157","Epigraphy, Philology, History, Digital Humanities",Sandtone,Angkor Inscriptions Survey Report ; A NEW KHMER AND SANSKRIT INSCRIPTION AT BANTEAY CHMAR,"Prasat Kravan, Neang Khmau, Banteay Chmar","Comprehensive field documentation, epigraphic rubbings, and philological analysis of historical inscriptions"
ACTV_00008,Banteay Srei Conservation Project,BSCP,Concluded,2002,2005,UNESCO_01,ORG_00115,NATB_00001,AUTH_UESALZ,"ORG_00165, NATB_00001","Conservation Science, Architecture, Geochemistry, Materials Science","Sandstone, Laterite, Brick",ICC Activity Report 2005,Banteay Srei,"Integrated conservation, restoration, site management, and visitor-flow control project"
ACTV_00020,"Conservation and Restoration of Gopura I, II, III",,Concluded,2014,2023,UNESCO_02,ORG_00161,NATB_00002,AUTH_ZHYE,ORG_00168,"Architecture, Geotechnical Engineering, Conservation Science, Water Resources",Sandstone,Damage to the World Heritage Site of Preah Vihear Temple Caused by the Armed Conflicts,Preah Vihear,"Long-term structural preservation, archaeological engineering, and systemic damage mitigation of the first three monumental entrance pavilions (Gopuras I, II, and III) at the Preah Vihear Temple. Comprehensive structural risk assessment, mapping and documentation of stone decay, structural stabilization of vaulted stone lintels and pediments, masonry block consolidation, and urgent post-conflict structural rescue/reinforcement."
